"Position","Phase","Baseline_nodes","Guard_nodes","Baseline_ms","Guard_ms","Delta_ms"
"1","captures","7353","6000","4.520500","9.015400","4.4948999999999995"
"2","captures","3668","3223","1.577900","6.247500","4.669599999999999"
"3","middle","67308","62976","46.424800","122.397600","75.9728"
"4","middle","20550","13301","11.372700","28.702800","17.3301"
"5","middle","27200","16531","12.036900","31.166800","19.1299"
"6","middle","14927","10672","6.279500","22.907300","16.6278"
"7","captures","572","524","0.317300","0.867300","0.5499999999999999"
"8","middle","4512","3824","2.340300","9.036400","6.6961"
"9","middle","22094","14877","10.727200","32.872900","22.1457"
"10","middle","25323","15579","12.509800","23.475600","10.9658"
"11","middle","11477","8214","7.477400","15.053200","7.5758"
"12","middle","7560","6051","3.553600","10.559600","7.006"
"13","middle","7115","5501","3.389900","12.682500","9.2926"
"14","middle","7799","7112","4.776400","11.282200","6.5058"
"15","middle","1870","1322","0.927600","2.102000","1.1743999999999999"
"16","middle","3612","2881","2.121500","4.501900","2.3804"
"17","middle","16","16","0.020000","0.046500","0.0265"
"18","opening","8759","6941","3.622600","15.419000","11.7964"
"19","opening","24058","16709","11.789700","27.853300","16.0636"
"20","opening","18163","12747","8.246900","27.098900","18.852"
"21","opening","20931","14582","11.576000","27.718300","16.1423"
"22","opening","11056","8861","5.393000","19.853500","14.4605"
"23","opening","8619","6103","6.359200","9.308300","2.9490999999999987"
"24","opening","2139","1866","1.314500","2.925900","1.6114"
"25","captures","591","591","0.369300","1.295400","0.9261000000000001"
"26","kings","923","879","0.528400","1.503100","0.9747000000000001"
"27","kings","8477","5721","11.286200","12.327300","1.0411000000000001"
"28","kings","1597","1296","0.750000","2.141900","1.3919000000000001"
"29","captures","2835","1721","1.255300","2.463000","1.2077"
"30","kings","36","36","0.029300","0.115400","0.08610000000000001"
"31","captures","24309","20829","26.326500","30.906200","4.579699999999999"
"32","opening","29318","21833","19.106500","39.329900","20.2234"
"33","opening","19260","13022","9.623000","27.867200","18.2442"
"34","opening","18630","10173","12.962500","22.209100","9.246599999999999"
"35","captures","15508","12021","6.855900","22.241600","15.385699999999998"
"36","captures","16310","9166","9.492600","15.976100","6.483500000000001"
"37","kings","33759","22967","17.723800","52.243400","34.5196"
"38","kings","14922","10225","6.567700","15.947400","9.3797"
"39","middle","7001","5768","3.501100","9.878100","6.377"
"40","middle","2705","1510","1.784000","2.497500","0.7135"
"41","captures","1851","1110","0.822300","1.972900","1.1506"
"42","middle","4024","2827","1.923700","5.575700","3.652"
"43","captures","55","55","0.062500","0.209800","0.1473"
"44","opening","15869","10595","8.360100","21.973400","13.613300000000002"
"45","opening","41285","24125","31.151000","52.181400","21.030399999999997"
"46","captures","9450","4209","4.233200","10.335400","6.1022"
"47","middle","35261","17787","26.247000","28.970300","2.723300000000002"
"48","middle","36820","24241","23.965300","41.146700","17.181400000000004"
"49","middle","14786","10476","7.611600","24.006900","16.395300000000002"
"50","captures","5025","3707","3.592100","6.963600","3.3714999999999997"
"51","captures","4999","4616","2.395100","7.622100","5.227"
"52","kings","5659","4329","2.396800","8.130900","5.734100000000001"
"53","captures","946","767","0.580100","2.517600","1.9375"
"54","kings","6305","4477","2.437900","8.890500","6.4525999999999994"
"55","kings","3172","2080","1.695200","4.824600","3.1294000000000004"
"56","kings","1435","1206","0.753200","2.121800","1.3685999999999998"
"57","kings","428","428","0.298900","1.056300","0.7574000000000001"
"58","endgame","16","16","0.015600","0.042900","0.0273"
"59","endgame","48","48","0.048100","0.302200","0.25410000000000005"
"60","endgame","56","56","0.030400","0.079300","0.0489"
"61","endgame","48","48","0.042500","0.290900","0.24839999999999998"
"62","endgame","48","48","0.028600","0.081500","0.0529"
"63","endgame","48","48","0.054200","0.142300","0.08810000000000001"
"64","endgame","32","32","0.024200","0.069000","0.044800000000000006"
"65","endgame","24","24","0.031600","0.096400","0.0648"
"66","endgame","24","24","0.020300","0.072000","0.051699999999999996"
"67","endgame","48","48","0.043500","0.126500","0.083"
"68","endgame","40","40","0.036500","0.078000","0.0415"
"69","endgame","48","48","0.057200","0.121700","0.0645"
"70","endgame","64","64","0.033600","0.113500","0.0799"
"71","endgame","48","48","0.049900","0.141300","0.09140000000000001"
"72","endgame","31219","31219","33.491200","63.368800","29.8776"
"73","endgame","32","32","0.037000","0.088100","0.0511"
"74","endgame","96","96","0.048400","0.145500","0.09709999999999999"
"75","endgame","8","8","0.023800","0.044700","0.020899999999999995"
"76","endgame","32","32","0.020600","0.060200","0.039599999999999996"
"77","endgame","285","285","0.231800","0.548700","0.31689999999999996"
"78","captures","410","410","0.247400","0.920000","0.6726000000000001"
"79","captures","8924","8958","4.038600","19.844900","15.8063"
"80","captures","9017","4652","4.812700","10.436500","5.6238"
"81","captures","2707","1805","1.343700","3.149300","1.8056000000000003"
"82","captures","2323","1944","1.202300","2.373300","1.171"
"83","kings","3252","3267","1.562100","7.453400","5.8913"
"84","kings","3963","3879","1.934100","6.932900","4.9988"
"85","kings","5519","6897","2.854500","13.698300","10.8438"
"86","captures","8","8","0.016000","0.044600","0.0286"
"87","opening","9933","8164","6.301000","12.351400","6.0504"
"88","kings","11727","10913","6.966200","20.304100","13.337899999999998"
"89","kings","10818","5731","5.236100","9.535500","4.2994"
"90","kings","6462","3131","2.938600","4.950200","2.0115999999999996"
"91","kings","20938","12440","14.096900","21.748700","7.6518"
"92","kings","1848","1776","1.237300","3.286800","2.0495"
"93","kings","18068","6445","9.991300","14.535100","4.543799999999999"
"94","opening","40508","18783","32.229300","40.921600","8.692299999999996"
"95","opening","34264","19553","16.176600","33.854100","17.677500000000002"
"96","opening","20452","14182","11.736400","28.149900","16.4135"
"97","opening","19758","16957","9.392300","26.757000","17.3647"
"98","opening","7549","5612","17.655000","8.891400","-8.7636"
"99","opening","8332","6908","11.813700","9.641200","-2.172500000000001"
"100","opening","16037","11665","25.237300","17.370400","-7.866900000000001"
