"Trial","Depth","Stage","Phase","Positions","Nodes","Time_ms"
"1","8","history","all","100","1005313","1857.4780999999994"
"1","8","history","opening","20","374920","733.0633"
"1","8","history","middle","20","321960","514.0792"
"1","8","history","captures","20","116861","224.36489999999998"
"1","8","history","kings","20","159308","310.6446"
"1","8","history","endgame","20","32264","75.32609999999998"
"1","8","lmr","all","100","700733","1653.2797999999998"
"1","8","lmr","opening","20","249381","595.2796"
"1","8","lmr","middle","20","231466","576.3903"
"1","8","lmr","captures","20","86316","170.88020000000003"
"1","8","lmr","kings","20","108123","253.9404"
"1","8","lmr","endgame","20","25447","56.78929999999999"
"2","8","history","all","100","1005313","1230.239"
"2","8","history","opening","20","374920","461.1039"
"2","8","history","middle","20","321960","389.18620000000004"
"2","8","history","captures","20","116861","122.96750000000002"
"2","8","history","kings","20","159308","208.5447"
"2","8","history","endgame","20","32264","48.4367"
"2","8","lmr","all","100","700733","1295.0789999999995"
"2","8","lmr","opening","20","249381","453.3775999999999"
"2","8","lmr","middle","20","231466","360.9514"
"2","8","lmr","captures","20","86316","172.13080000000002"
"2","8","lmr","kings","20","108123","246.71339999999998"
"2","8","lmr","endgame","20","25447","61.9058"
"3","8","history","all","100","1005313","3152.744900000001"
"3","8","history","opening","20","374920","579.9612"
"3","8","history","middle","20","321960","1604.9921"
"3","8","history","captures","20","116861","401.0115"
"3","8","history","kings","20","159308","396.19259999999997"
"3","8","history","endgame","20","32264","170.5875"
"3","8","lmr","all","100","700733","1684.0801999999996"
"3","8","lmr","opening","20","249381","539.8605"
"3","8","lmr","middle","20","231466","530.3740000000001"
"3","8","lmr","captures","20","86316","298.11769999999996"
"3","8","lmr","kings","20","108123","253.01020000000003"
"3","8","lmr","endgame","20","25447","62.7178"
"1","10","history","all","100","5144857","11928.136799999997"
"1","10","history","opening","20","1860866","4870.4562"
"1","10","history","middle","20","1503086","2359.3735999999994"
"1","10","history","captures","20","672322","1549.1983"
"1","10","history","kings","20","844427","2192.8098999999997"
"1","10","history","endgame","20","264156","956.2988"
"1","10","lmr","all","100","3080859","7023.073800000001"
"1","10","lmr","opening","20","1101790","2553.4577"
"1","10","lmr","middle","20","892597","2150.8027"
"1","10","lmr","captures","20","390455","887.9718"
"1","10","lmr","kings","20","392550","684.6189"
"1","10","lmr","endgame","20","303467","746.2227000000001"
"2","10","history","all","100","5144857","10040.417600000004"
"2","10","history","opening","20","1860866","3748.4683"
"2","10","history","middle","20","1503086","2370.0172"
"2","10","history","captures","20","672322","1234.8845000000001"
"2","10","history","kings","20","844427","2010.9737999999998"
"2","10","history","endgame","20","264156","676.0738"
"2","10","lmr","all","100","3080859","9444.779700000005"
"2","10","lmr","opening","20","1101790","4284.953299999999"
"2","10","lmr","middle","20","892597","1973.7042000000006"
"2","10","lmr","captures","20","390455","1371.0035999999998"
"2","10","lmr","kings","20","392550","1059.844"
"2","10","lmr","endgame","20","303467","755.2746"
"3","10","history","all","100","5144857","10079.6182"
"3","10","history","opening","20","1860866","3458.3691999999996"
"3","10","history","middle","20","1503086","2493.7770000000005"
"3","10","history","captures","20","672322","1368.1388000000002"
"3","10","history","kings","20","844427","2112.5796000000005"
"3","10","history","endgame","20","264156","646.7535999999999"
"3","10","lmr","all","100","3080859","8798.9664"
"3","10","lmr","opening","20","1101790","3277.0577000000008"
"3","10","lmr","middle","20","892597","2607.66"
"3","10","lmr","captures","20","390455","1019.3655999999999"
"3","10","lmr","kings","20","392550","1031.5134"
"3","10","lmr","endgame","20","303467","863.3697"
