position,phase,stage,depth,pieces,kings,root_moves,capture,draw_counter,score,nodes,time_ms,tt_probes,tt_matches,tt_hits,tt_cutoffs,egtb_hits,beta_cutoffs,first_move_cutoffs,ratio_vs_history,score_delta,lmr_reductions,lmr_researches,endgame_reductions,endgame_researches,endgame_reduced_cutoffs,endgame_research_cutoffs,endgame_reduced_nodes,endgame_research_nodes
1,captures,history,10,21,0,1,1,0,-52,126192,75.273000,84046,5142,1516,1398,0,24617,20842,1.000000,0,0,0,0,0,0,0,0,0
2,captures,history,10,20,0,1,1,2,50,18931,9.062900,13522,1522,55,42,0,3500,2921,1.000000,0,0,0,0,0,0,0,0,0
3,middle,history,10,18,0,10,0,1,-62,345970,212.508900,264343,38355,8515,8408,0,89135,79987,1.000000,0,0,0,0,0,0,0,0,0
4,middle,history,10,18,0,7,0,4,42,98140,65.525100,72133,8519,1160,1105,0,20797,19040,1.000000,0,0,0,0,0,0,0,0,0
5,middle,history,10,18,0,11,0,7,-24,137608,90.023200,98488,18771,3189,3148,0,36498,34568,1.000000,0,0,0,0,0,0,0,0,0
6,middle,history,10,18,0,9,0,10,12,59748,31.066600,45139,9849,833,832,0,16459,15937,1.000000,0,0,0,0,0,0,0,0,0
7,captures,history,10,18,0,1,1,13,68,2378,1.181500,1707,342,92,51,0,381,329,1.000000,0,0,0,0,0,0,0,0,0
8,middle,history,10,15,0,5,0,0,-75,20177,10.627900,15771,3349,687,523,0,4718,4440,1.000000,0,0,0,0,0,0,0,0,0
9,middle,history,10,13,0,9,0,0,111,89004,55.896700,74860,17321,3246,3112,34,27878,27026,1.000000,0,0,0,0,0,0,0,0,0
10,middle,history,10,12,0,8,0,1,58,76322,49.162100,64689,15198,3326,3046,43,22783,21639,1.000000,0,0,0,0,0,0,0,0,0
11,middle,history,10,12,0,7,0,4,-95,33902,29.739600,29347,7517,1555,1354,35,10416,10044,1.000000,0,0,0,0,0,0,0,0,0
12,middle,history,10,12,0,9,0,7,129,23122,37.607100,20580,6758,1183,1068,10,7771,7559,1.000000,0,0,0,0,0,0,0,0,0
13,middle,history,10,11,0,5,0,0,-186,26943,23.555400,23653,5506,1081,968,28,7526,6872,1.000000,0,0,0,0,0,0,0,0,0
14,middle,history,10,11,0,7,0,3,220,33622,29.571900,29235,6216,1131,1108,1,9993,9232,1.000000,0,0,0,0,0,0,0,0,0
15,middle,history,10,9,0,4,0,0,-250,7493,4.258800,7024,1725,124,124,39,1945,1921,1.000000,0,0,0,0,0,0,0,0,0
16,middle,history,10,8,0,9,0,1,295,10767,6.089400,10536,3728,786,786,0,3700,3700,1.000000,0,0,0,0,0,0,0,0,0
17,middle,history,10,7,0,1,0,0,-298,20,0.019400,29,17,0,0,0,0,0,1.000000,0,0,0,0,0,0,0,0,0
18,opening,history,10,23,0,7,0,2,-47,53729,34.795700,37795,5580,612,603,0,11317,10145,1.000000,0,0,0,0,0,0,0,0,0
19,opening,history,10,22,0,8,0,1,187,173172,114.292800,130485,20954,4689,4641,0,45943,42739,1.000000,0,0,0,0,0,0,0,0,0
20,opening,history,10,22,0,8,0,4,-195,75979,53.715300,50946,9460,1054,1048,0,16552,15194,1.000000,0,0,0,0,0,0,0,0,0
21,opening,history,10,22,0,8,0,7,219,81607,44.850900,55841,11818,1546,1528,0,19499,18412,1.000000,0,0,0,0,0,0,0,0,0
22,opening,history,10,22,0,9,0,10,-228,35351,49.694000,24989,5863,375,371,0,8885,8454,1.000000,0,0,0,0,0,0,0,0,0
23,opening,history,10,22,0,7,0,13,194,30352,22.366400,22488,5949,547,547,0,8829,8607,1.000000,0,0,0,0,0,0,0,0,0
24,opening,history,10,22,0,6,0,16,-150,7705,4.011400,5827,1753,101,101,0,2285,2257,1.000000,0,0,0,0,0,0,0,0,0
25,captures,history,10,22,0,1,1,19,250,1555,0.900800,1305,516,20,20,0,499,490,1.000000,0,0,0,0,0,0,0,0,0
26,kings,history,10,19,1,3,0,0,-250,3194,1.967800,2676,811,31,31,0,938,929,1.000000,0,0,0,0,0,0,0,0,0
27,kings,history,10,17,1,8,0,0,250,32206,23.610000,26420,7728,1064,1039,0,10301,10228,1.000000,0,0,0,0,0,0,0,0,0
28,kings,history,10,15,2,5,0,0,-250,13132,8.769900,11382,2025,165,159,0,2805,2787,1.000000,0,0,0,0,0,0,0,0,0
29,captures,history,10,14,2,1,1,1,295,15581,11.100100,14265,2591,326,326,0,5228,5226,1.000000,0,0,0,0,0,0,0,0,0
30,kings,history,10,13,2,1,0,2,-298,46,0.056400,53,30,0,0,0,8,8,1.000000,0,0,0,0,0,0,0,0,0
31,captures,history,10,21,0,2,1,0,14,123376,75.184000,87422,12438,2269,2175,0,24080,20716,1.000000,0,0,0,0,0,0,0,0,0
32,opening,history,10,20,0,7,0,2,-79,161519,93.376600,114360,13583,2846,2783,0,35635,31565,1.000000,0,0,0,0,0,0,0,0,0
33,opening,history,10,20,0,7,0,5,121,97421,54.881600,66723,11122,1997,1904,0,22908,20866,1.000000,0,0,0,0,0,0,0,0,0
34,opening,history,10,20,0,6,0,8,-63,80791,52.644400,60401,12029,2067,2024,0,20819,19514,1.000000,0,0,0,0,0,0,0,0,0
35,captures,history,10,20,0,1,1,11,228,55690,44.497400,40939,4771,751,688,0,12779,10448,1.000000,0,0,0,0,0,0,0,0,0
36,captures,history,10,18,1,1,1,2,-230,91307,75.526400,65410,8549,906,887,0,15892,13702,1.000000,0,0,0,0,0,0,0,0,0
37,kings,history,10,17,1,8,0,2,228,121956,85.748900,92836,16121,2372,2316,0,32414,30209,1.000000,0,0,0,0,0,0,0,0,0
38,kings,history,10,17,1,8,0,5,-228,82601,47.209700,63443,7098,1294,1280,0,18081,16222,1.000000,0,0,0,0,0,0,0,0,0
39,middle,history,10,15,0,7,0,0,250,25141,23.838500,21266,5004,480,478,0,8072,7882,1.000000,0,0,0,0,0,0,0,0,0
40,middle,history,10,13,0,3,0,0,-250,12278,6.385200,10159,2438,251,251,0,2721,2718,1.000000,0,0,0,0,0,0,0,0,0
41,captures,history,10,12,0,1,1,0,289,11278,5.604900,9817,2262,547,543,92,3379,3319,1.000000,0,0,0,0,0,0,0,0,0
42,middle,history,10,9,0,4,0,1,-292,12963,8.713300,11441,3020,353,350,410,3148,3060,1.000000,0,0,0,0,0,0,0,0,0
43,captures,history,10,8,0,1,1,1,297,67,0.071300,69,43,0,0,13,7,7,1.000000,0,0,0,0,0,0,0,0,0
44,opening,history,10,22,0,10,0,0,-40,102865,162.143000,68336,8757,1125,1115,0,21892,19559,1.000000,0,0,0,0,0,0,0,0,0
45,opening,history,10,20,0,8,0,0,25,167404,378.636200,113785,12192,1475,1448,0,32850,29170,1.000000,0,0,0,0,0,0,0,0,0
46,captures,history,10,19,0,2,1,0,-189,35586,83.256700,25717,2738,152,152,0,7317,6024,1.000000,0,0,0,0,0,0,0,0,0
47,middle,history,10,17,0,8,0,1,186,298390,667.771800,218490,20468,4766,4637,0,62995,51768,1.000000,0,0,0,0,0,0,0,0,0
48,middle,history,10,17,0,7,0,4,-189,138796,327.497000,102146,13783,2277,2258,0,30130,25977,1.000000,0,0,0,0,0,0,0,0,0
49,middle,history,10,17,0,9,0,7,201,52680,118.055800,37485,5517,414,411,0,12493,11215,1.000000,0,0,0,0,0,0,0,0,0
50,captures,history,10,15,0,1,1,0,-177,24165,74.542100,19190,2388,279,261,0,5273,4468,1.000000,0,0,0,0,0,0,0,0,0
51,captures,history,10,13,0,1,1,7,228,21296,48.577800,17891,3351,432,422,0,6163,5549,1.000000,0,0,0,0,0,0,0,0,0
52,kings,history,10,8,1,6,0,0,250,22990,47.157300,20632,4755,439,428,554,7400,7169,1.000000,0,0,0,0,0,0,0,0,0
53,captures,history,10,8,2,1,1,1,-299,3348,6.983600,2807,648,0,0,550,788,767,1.000000,0,0,0,0,0,0,0,0,0
54,kings,history,10,6,2,7,0,1,299,14105,23.585200,10791,4793,6,6,3336,4913,4898,1.000000,0,0,0,0,0,0,0,0,0
55,kings,history,10,6,2,3,0,4,-299,13683,26.861200,11107,2490,4,4,2580,3050,3029,1.000000,0,0,0,0,0,0,0,0,0
56,kings,history,10,6,2,3,0,7,299,4918,6.704000,4141,1100,8,8,800,1692,1683,1.000000,0,0,0,0,0,0,0,0,0
57,kings,history,10,6,2,4,0,10,-299,1457,2.867300,1408,484,90,90,61,451,450,1.000000,0,0,0,0,0,0,0,0,0
58,endgame,history,10,5,2,2,0,0,292,20,0.025500,10,9,0,0,20,0,0,1.000000,0,0,0,0,0,0,0,0,0
59,endgame,history,10,5,2,6,0,3,-293,60,0.202000,10,9,0,0,60,0,0,1.000000,0,0,0,0,0,0,0,0,0
60,endgame,history,10,5,2,7,0,6,296,70,0.092300,10,9,0,0,70,0,0,1.000000,0,0,0,0,0,0,0,0,0
61,endgame,history,10,5,2,6,0,9,-299,60,0.223300,10,9,0,0,60,0,0,1.000000,0,0,0,0,0,0,0,0,0
62,endgame,history,10,5,4,6,0,1,288,60,0.091900,10,9,0,0,60,0,0,1.000000,0,0,0,0,0,0,0,0,0
63,endgame,history,10,5,4,6,0,4,-291,60,0.159800,10,9,0,0,60,0,0,1.000000,0,0,0,0,0,0,0,0,0
64,endgame,history,10,5,4,4,0,7,294,40,0.076800,10,9,0,0,40,0,0,1.000000,0,0,0,0,0,0,0,0,0
65,endgame,history,10,5,4,3,0,10,-295,30,0.080200,10,9,0,0,30,0,0,1.000000,0,0,0,0,0,0,0,0,0
66,endgame,history,10,5,4,3,0,13,298,30,0.061800,10,9,0,0,30,0,0,1.000000,0,0,0,0,0,0,0,0,0
67,endgame,history,10,5,4,6,0,16,-299,60,0.137800,10,9,0,0,60,0,0,1.000000,0,0,0,0,0,0,0,0,0
68,endgame,history,10,5,5,5,0,1,267,50,0.118400,10,9,0,0,50,0,0,1.000000,0,0,0,0,0,0,0,0,0
69,endgame,history,10,5,5,6,0,4,-270,60,0.147600,10,9,0,0,60,0,0,1.000000,0,0,0,0,0,0,0,0,0
70,endgame,history,10,5,5,8,0,7,273,80,0.134700,10,9,0,0,80,0,0,1.000000,0,0,0,0,0,0,0,0,0
71,endgame,history,10,5,5,6,0,10,-272,60,0.052400,10,9,0,0,60,0,0,1.000000,0,0,0,0,0,0,0,0,0
72,endgame,history,10,5,5,10,0,13,250,262459,635.650500,244825,17192,1068,1068,17534,76845,55888,1.000000,0,0,0,0,0,0,0,0,0
73,endgame,history,10,4,4,4,0,0,-294,40,0.148000,10,9,0,0,40,0,0,1.000000,0,0,0,0,0,0,0,0,0
74,endgame,history,10,4,4,12,0,3,297,120,0.144100,10,9,0,0,120,0,0,1.000000,0,0,0,0,0,0,0,0,0
75,endgame,history,10,4,4,1,1,6,-299,10,0.066200,10,9,0,0,10,0,0,1.000000,0,0,0,0,0,0,0,0,0
76,endgame,history,10,2,2,4,0,0,0,40,0.065700,10,9,0,0,40,0,0,1.000000,0,0,0,0,0,0,0,0,0
77,endgame,history,10,2,2,2,0,3,0,747,1.195400,671,246,13,13,48,270,266,1.000000,0,0,0,0,0,0,0,0,0
78,captures,history,10,23,0,1,1,0,-62,3351,8.830600,2333,242,23,7,0,624,512,1.000000,0,0,0,0,0,0,0,0,0
79,captures,history,10,20,0,1,1,0,6,59295,131.426100,44232,4705,335,327,0,12561,10780,1.000000,0,0,0,0,0,0,0,0,0
80,captures,history,10,17,0,2,1,0,30,61900,132.649300,47549,5310,598,597,0,12420,10587,1.000000,0,0,0,0,0,0,0,0,0
81,captures,history,10,11,0,1,1,0,63,11349,26.418700,10036,2189,745,584,97,3628,3367,1.000000,0,0,0,0,0,0,0,0,0
82,captures,history,10,9,0,1,1,0,-88,5667,12.119700,4819,1793,239,202,543,1928,1879,1.000000,0,0,0,0,0,0,0,0,0
83,kings,history,10,6,1,5,0,0,-6,12758,20.196300,10427,1453,170,116,2375,3938,3091,1.000000,0,0,0,0,0,0,0,0,0
84,kings,history,10,6,2,6,0,2,-43,18314,39.372200,14546,2591,602,415,3892,5277,3988,1.000000,0,0,0,0,0,0,0,0,0
85,kings,history,10,6,2,7,0,5,0,31655,71.560800,25913,4639,1603,1058,5873,9461,7194,1.000000,0,0,0,0,0,0,0,0,0
86,captures,history,10,6,2,1,1,8,0,10,0.042000,10,9,0,0,10,0,0,1.000000,0,0,0,0,0,0,0,0,0
87,opening,history,10,22,0,10,0,1,-12,46057,97.281400,32925,5688,343,341,0,11039,10495,1.000000,0,0,0,0,0,0,0,0,0
88,kings,history,10,17,1,8,0,2,-228,56201,134.290700,40937,4944,582,580,0,11960,10607,1.000000,0,0,0,0,0,0,0,0,0
89,kings,history,10,15,1,8,0,2,-250,59133,135.302100,47165,7509,861,843,2,14721,13366,1.000000,0,0,0,0,0,0,0,0,0
90,kings,history,10,11,1,4,0,2,-250,41287,108.692500,36768,5999,926,913,273,8959,8424,1.000000,0,0,0,0,0,0,0,0,0
91,kings,history,10,11,1,11,0,5,250,95715,220.008100,88333,21956,5086,5086,401,33688,33527,1.000000,0,0,0,0,0,0,0,0,0
92,kings,history,10,10,1,4,0,1,-250,19420,54.235900,17999,2571,315,297,185,4287,3638,1.000000,0,0,0,0,0,0,0,0,0
93,kings,history,10,8,2,4,0,2,-296,199656,567.395300,192619,14178,1969,1848,1873,25673,24970,1.000000,0,0,0,0,0,0,0,0,0
94,opening,history,10,21,0,8,0,2,-107,167641,370.476700,119024,16522,2169,2157,0,37525,33720,1.000000,0,0,0,0,0,0,0,0,0
95,opening,history,10,21,0,11,0,5,136,252474,535.028900,176945,23280,3994,3886,0,55148,48755,1.000000,0,0,0,0,0,0,0,0,0
96,opening,history,10,21,0,11,0,8,-154,84837,169.636500,62616,11122,1454,1451,0,21408,19522,1.000000,0,0,0,0,0,0,0,0,0
97,opening,history,10,20,0,8,0,1,225,76827,154.154000,58028,11699,1976,1961,0,20968,19615,1.000000,0,0,0,0,0,0,0,0,0
98,opening,history,10,20,0,5,0,4,-182,28801,61.404900,20994,4736,430,399,0,7115,6577,1.000000,0,0,0,0,0,0,0,0,0
99,opening,history,10,24,0,8,0,6,23,35700,92.603100,19695,3477,295,295,0,6731,6228,1.000000,0,0,0,0,0,0,0,0,0
100,opening,history,10,22,0,7,0,0,31,100634,225.725200,68867,9213,1698,1632,0,23829,21126,1.000000,0,0,0,0,0,0,0,0,0
1,captures,lmr_endgame,10,21,0,1,1,0,-40,27621,64.017600,19187,2154,306,254,0,5067,4292,4.568698,12,428,43,0,0,0,0,0,0
2,captures,lmr_endgame,10,20,0,1,1,2,52,38142,101.772200,27155,2039,451,410,0,7855,6062,0.496330,2,504,97,0,0,0,0,0,0
3,middle,lmr_endgame,10,18,0,10,0,1,-62,274021,582.813900,200230,20592,5533,5308,0,59306,49615,1.262567,0,4188,422,0,0,0,0,0,0
4,middle,lmr_endgame,10,18,0,7,0,4,82,39735,87.872000,28750,4569,814,774,0,8527,7713,2.469863,40,778,23,0,0,0,0,0,0
5,middle,lmr_endgame,10,18,0,11,0,7,6,59846,129.967200,40101,7979,1482,1463,0,12326,11428,2.299368,30,1329,16,0,0,0,0,0,0
6,middle,lmr_endgame,10,18,0,9,0,10,12,34464,78.106000,24519,5289,809,796,0,7891,7482,1.733635,0,812,8,0,0,0,0,0,0
7,captures,lmr_endgame,10,18,0,1,1,13,68,1950,4.671600,1412,266,79,46,0,298,261,1.219487,0,21,1,0,0,0,0,0,0
8,middle,lmr_endgame,10,15,0,5,0,0,-60,11677,25.539400,9153,1993,523,400,0,2676,2490,1.727927,15,260,6,0,0,0,0,0,0
9,middle,lmr_endgame,10,13,0,9,0,0,111,50995,114.090800,40920,8631,2221,2119,18,12172,11613,1.745348,0,1392,5,0,0,0,0,0,0
10,middle,lmr_endgame,10,12,0,8,0,1,58,41379,91.963900,34588,7633,1764,1693,20,11537,10826,1.844462,0,1025,17,0,0,0,0,0,0
11,middle,lmr_endgame,10,12,0,7,0,4,-126,25138,58.911700,21895,5838,1580,1291,19,7438,7055,1.348636,-31,571,13,0,0,0,0,0,0
12,middle,lmr_endgame,10,12,0,9,0,7,129,18161,37.449000,15937,5026,1055,978,7,5621,5438,1.273168,0,462,3,0,0,0,0,0,0
13,middle,lmr_endgame,10,11,0,5,0,0,-183,14493,36.265200,12794,3032,799,675,19,4140,3679,1.859035,3,234,13,0,0,0,0,0,0
14,middle,lmr_endgame,10,11,0,7,0,3,225,23881,47.364900,20118,4507,1328,1160,0,6291,5567,1.407897,5,500,40,0,0,0,0,0,0
15,middle,lmr_endgame,10,9,0,4,0,0,-250,3995,8.763900,3671,1030,146,146,15,1226,1203,1.875594,0,106,1,0,0,0,0,0,0
16,middle,lmr_endgame,10,8,0,9,0,1,295,6722,11.213000,6491,2622,574,574,0,2068,2068,1.601755,0,425,0,0,0,0,0,0,0
17,middle,lmr_endgame,10,7,0,1,0,0,-298,20,0.042500,29,17,0,0,0,0,0,1.000000,0,0,0,0,0,0,0,0,0
18,opening,lmr_endgame,10,23,0,7,0,2,-40,34457,80.967500,24039,3598,588,541,0,6655,5873,1.559306,7,508,28,0,0,0,0,0,0
19,opening,lmr_endgame,10,22,0,8,0,1,189,98284,191.306900,68929,10780,3020,2929,0,19198,17166,1.761955,2,1943,53,0,0,0,0,0,0
20,opening,lmr_endgame,10,22,0,8,0,4,-195,42598,117.271500,28081,5084,915,889,0,8358,7486,1.783628,0,847,9,0,0,0,0,0,0
21,opening,lmr_endgame,10,22,0,8,0,7,219,46691,89.171100,31486,6311,1178,1137,0,9992,9216,1.747810,0,938,16,0,0,0,0,0,0
22,opening,lmr_endgame,10,22,0,9,0,10,-228,23890,34.222400,16590,3773,455,445,0,5596,5169,1.479740,0,490,10,0,0,0,0,0,0
23,opening,lmr_endgame,10,22,0,7,0,13,145,22835,48.412800,16372,4152,659,641,0,5831,5624,1.329188,-49,483,9,0,0,0,0,0,0
24,opening,lmr_endgame,10,22,0,6,0,16,-150,5770,11.535400,4276,1320,119,119,0,1577,1552,1.335355,0,84,0,0,0,0,0,0,0
25,captures,lmr_endgame,10,22,0,1,1,19,250,1451,3.384200,1218,484,24,24,0,469,460,1.071675,0,12,0,0,0,0,0,0,0
26,kings,lmr_endgame,10,19,1,3,0,0,-250,2559,5.835200,2191,689,36,36,0,796,786,1.248144,0,29,0,0,0,0,0,0,0
27,kings,lmr_endgame,10,17,1,8,0,0,250,18514,46.802100,15777,5305,1012,1005,0,5166,5120,1.739548,0,705,7,0,0,0,0,0,0
28,kings,lmr_endgame,10,15,2,5,0,0,-250,8641,19.753100,7095,1386,257,251,0,2191,2178,1.519732,0,236,0,0,0,0,0,0,0
29,captures,lmr_endgame,10,14,2,1,1,1,295,5223,9.811300,4592,1015,148,148,0,1237,1235,2.983151,0,223,0,0,0,0,0,0,0
30,kings,lmr_endgame,10,13,2,1,0,2,-298,46,0.098700,53,30,0,0,0,8,8,1.000000,0,0,0,0,0,0,0,0,0
31,captures,lmr_endgame,10,21,0,2,1,0,14,92376,198.518600,64207,6632,1814,1447,0,19014,14555,1.335585,0,1376,238,0,0,0,0,0,0
32,opening,lmr_endgame,10,20,0,7,0,2,-79,100854,194.967900,69225,8525,2138,1941,0,20506,17146,1.601513,0,1670,138,0,0,0,0,0,0
33,opening,lmr_endgame,10,20,0,7,0,5,121,52480,104.036800,34799,5707,1212,1067,0,10718,9540,1.856345,0,943,49,0,0,0,0,0,0
34,opening,lmr_endgame,10,20,0,6,0,8,-63,50762,98.692100,38320,6630,1742,1674,0,12895,11882,1.591565,0,1041,48,0,0,0,0,0,0
35,captures,lmr_endgame,10,20,0,1,1,11,228,27444,56.385900,19971,2374,426,331,0,5484,4351,2.029223,0,392,53,0,0,0,0,0,0
36,captures,lmr_endgame,10,18,1,1,1,2,-230,41933,96.266800,30872,3939,773,695,0,9110,7725,2.177450,0,769,113,0,0,0,0,0,0
37,kings,lmr_endgame,10,17,1,8,0,2,228,61703,148.148700,46460,8423,1792,1699,0,13361,12067,1.976500,0,1311,50,0,0,0,0,0,0
38,kings,lmr_endgame,10,17,1,8,0,5,-228,35749,84.354100,27913,4398,781,736,0,9058,8123,2.310582,0,635,40,0,0,0,0,0,0
39,middle,lmr_endgame,10,15,0,7,0,0,250,17586,39.525800,14262,3468,492,483,0,4667,4493,1.429603,0,354,7,0,0,0,0,0,0
40,middle,lmr_endgame,10,13,0,3,0,0,-250,5147,12.912300,4263,1103,177,177,0,1339,1336,2.385467,0,154,0,0,0,0,0,0,0
41,captures,lmr_endgame,10,12,0,1,1,0,289,6272,14.271800,5412,1104,266,259,68,1565,1500,1.798151,0,158,3,0,0,0,0,0,0
42,middle,lmr_endgame,10,9,0,4,0,1,-292,6582,13.866900,5724,1553,205,200,195,1765,1704,1.969462,0,191,2,0,0,0,0,0,0
43,captures,lmr_endgame,10,8,0,1,1,1,297,67,0.350800,69,43,0,0,13,7,7,1.000000,0,0,0,0,0,0,0,0,0
44,opening,lmr_endgame,10,22,0,10,0,0,-40,59535,129.265500,39152,4919,936,841,0,10936,9256,1.727807,0,930,64,0,0,0,0,0,0
45,opening,lmr_endgame,10,20,0,8,0,0,46,129983,307.411700,86813,8553,1874,1746,0,23525,20342,1.287891,21,2197,126,0,0,0,0,0,0
46,captures,lmr_endgame,10,19,0,2,1,0,-189,18353,42.595100,13447,1462,207,146,0,3630,2824,1.938975,0,230,33,0,0,0,0,0,0
47,middle,lmr_endgame,10,17,0,8,0,1,196,143651,335.548200,104445,9589,2473,2312,0,27490,21256,2.077187,10,2036,212,0,0,0,0,0,0
48,middle,lmr_endgame,10,17,0,7,0,4,-190,84322,204.140500,61592,7620,1979,1851,0,17472,14449,1.646024,-1,1378,72,0,0,0,0,0,0
49,middle,lmr_endgame,10,17,0,9,0,7,218,30782,69.476600,21475,3133,395,365,0,6004,5211,1.711390,17,514,32,0,0,0,0,0,0
50,captures,lmr_endgame,10,15,0,1,1,0,-177,16074,46.478900,12616,1522,242,221,1,3473,2843,1.503359,0,245,20,0,0,0,0,0,0
51,captures,lmr_endgame,10,13,0,1,1,7,228,15525,41.296900,12687,2264,423,360,0,4182,3667,1.371723,0,356,39,0,0,0,0,0,0
52,kings,lmr_endgame,10,8,1,6,0,0,250,14684,35.866800,12989,3094,429,416,373,3847,3676,1.565650,0,387,0,0,0,0,0,0,0
53,captures,lmr_endgame,10,8,2,1,1,1,-299,2202,4.872700,1831,445,20,20,380,565,544,1.520436,0,37,0,0,0,0,0,0,0
54,kings,lmr_endgame,10,6,2,7,0,1,299,10757,23.733900,8238,3265,222,222,2536,3490,3475,1.311239,0,437,0,0,0,0,0,0,0
55,kings,lmr_endgame,10,6,2,3,0,4,-299,6069,13.067500,5135,1367,92,92,934,1713,1692,2.254572,0,177,0,0,0,0,0,0,0
56,kings,lmr_endgame,10,6,2,3,0,7,299,3578,6.164200,2985,874,62,62,610,1072,1063,1.374511,0,86,0,0,0,0,0,0,0
57,kings,lmr_endgame,10,6,2,4,0,10,-299,1342,3.380700,1294,427,91,91,59,400,399,1.085693,0,14,0,0,0,0,0,0,0
58,endgame,lmr_endgame,10,5,2,2,0,0,292,20,0.042800,10,9,0,0,20,0,0,1.000000,0,0,0,0,0,0,0,0,0
59,endgame,lmr_endgame,10,5,2,6,0,3,-293,60,0.228200,10,9,0,0,60,0,0,1.000000,0,0,0,0,0,0,0,0,0
60,endgame,lmr_endgame,10,5,2,7,0,6,296,70,0.106000,10,9,0,0,70,0,0,1.000000,0,0,0,0,0,0,0,0,0
61,endgame,lmr_endgame,10,5,2,6,0,9,-299,60,0.214200,10,9,0,0,60,0,0,1.000000,0,0,0,0,0,0,0,0,0
62,endgame,lmr_endgame,10,5,4,6,0,1,288,60,0.100900,10,9,0,0,60,0,0,1.000000,0,0,0,0,0,0,0,0,0
63,endgame,lmr_endgame,10,5,4,6,0,4,-291,60,0.060300,10,9,0,0,60,0,0,1.000000,0,0,0,0,0,0,0,0,0
64,endgame,lmr_endgame,10,5,4,4,0,7,294,40,0.092600,10,9,0,0,40,0,0,1.000000,0,0,0,0,0,0,0,0,0
65,endgame,lmr_endgame,10,5,4,3,0,10,-295,30,0.089800,10,9,0,0,30,0,0,1.000000,0,0,0,0,0,0,0,0,0
66,endgame,lmr_endgame,10,5,4,3,0,13,298,30,0.069000,10,9,0,0,30,0,0,1.000000,0,0,0,0,0,0,0,0,0
67,endgame,lmr_endgame,10,5,4,6,0,16,-299,60,0.173700,10,9,0,0,60,0,0,1.000000,0,0,0,0,0,0,0,0,0
68,endgame,lmr_endgame,10,5,5,5,0,1,267,50,0.077600,10,9,0,0,50,0,0,1.000000,0,0,0,0,0,0,0,0,0
69,endgame,lmr_endgame,10,5,5,6,0,4,-270,60,0.180000,10,9,0,0,60,0,0,1.000000,0,0,0,0,0,0,0,0,0
70,endgame,lmr_endgame,10,5,5,8,0,7,273,80,0.125900,10,9,0,0,80,0,0,1.000000,0,0,0,0,0,0,0,0,0
71,endgame,lmr_endgame,10,5,5,6,0,10,-272,60,0.205700,10,9,0,0,60,0,0,1.000000,0,0,0,0,0,0,0,0,0
72,endgame,lmr_endgame,10,5,5,10,0,13,250,262459,611.147400,244825,17192,1068,1068,17534,76845,55888,1.000000,0,0,0,0,0,0,0,0,0
73,endgame,lmr_endgame,10,4,4,4,0,0,-294,40,0.104200,10,9,0,0,40,0,0,1.000000,0,0,0,0,0,0,0,0,0
74,endgame,lmr_endgame,10,4,4,12,0,3,297,120,0.132800,10,9,0,0,120,0,0,1.000000,0,0,0,0,0,0,0,0,0
75,endgame,lmr_endgame,10,4,4,1,1,6,-299,10,0.062800,10,9,0,0,10,0,0,1.000000,0,0,0,0,0,0,0,0,0
76,endgame,lmr_endgame,10,2,2,4,0,0,0,40,0.074000,10,9,0,0,40,0,0,1.000000,0,0,0,0,0,0,0,0,0
77,endgame,lmr_endgame,10,2,2,2,0,3,0,747,1.824900,671,246,13,13,48,270,266,1.000000,0,0,0,0,0,0,0,0,0
78,captures,lmr_endgame,10,23,0,1,1,0,-57,2745,4.221700,1934,227,55,27,0,501,408,1.220765,5,28,6,0,0,0,0,0,0
79,captures,lmr_endgame,10,20,0,1,1,0,6,42646,84.901100,31263,2748,438,381,0,8958,7308,1.390400,0,694,102,0,0,0,0,0,0
80,captures,lmr_endgame,10,17,0,2,1,0,30,35803,59.839900,27731,2734,677,586,0,7637,6121,1.728905,0,655,109,0,0,0,0,0,0
81,captures,lmr_endgame,10,11,0,1,1,0,63,9921,19.865800,8504,1882,572,443,98,2817,2628,1.143937,0,196,5,0,0,0,0,0,0
82,captures,lmr_endgame,10,9,0,1,1,0,-88,4697,6.893200,4001,1395,210,176,436,1580,1534,1.206515,0,88,1,0,0,0,0,0,0
83,kings,lmr_endgame,10,6,1,5,0,0,-6,12286,22.406400,10122,1493,249,170,2203,3736,2866,1.038418,0,188,40,0,0,0,0,0,0
84,kings,lmr_endgame,10,6,2,6,0,2,-43,18780,36.559900,15354,2665,1086,647,3532,5403,4049,0.975186,0,412,93,0,0,0,0,0,0
85,kings,lmr_endgame,10,6,2,7,0,5,0,24016,47.070500,19650,3893,1392,889,4460,7162,5555,1.318080,0,627,117,0,0,0,0,0,0
86,captures,lmr_endgame,10,6,2,1,1,8,0,10,0.049800,10,9,0,0,10,0,0,1.000000,0,0,0,0,0,0,0,0,0
87,opening,lmr_endgame,10,22,0,10,0,1,-12,28662,47.972300,19808,3252,447,422,0,5586,5112,1.606901,0,533,17,0,0,0,0,0,0
88,kings,lmr_endgame,10,17,1,8,0,2,-228,36698,69.332600,26725,3455,553,447,0,8323,7020,1.531446,0,678,79,0,0,0,0,0,0
89,kings,lmr_endgame,10,15,1,8,0,2,-250,28297,48.787900,22411,4071,722,681,0,7069,6317,2.089727,0,599,44,0,0,0,0,0,0
90,kings,lmr_endgame,10,11,1,4,0,2,-250,14244,29.522600,12491,2120,248,232,75,3575,3150,2.898554,0,295,22,0,0,0,0,0,0
91,kings,lmr_endgame,10,11,1,11,0,5,250,50175,112.643900,45518,9714,2519,2501,208,13276,13122,1.907623,0,1524,6,0,0,0,0,0,0
92,kings,lmr_endgame,10,10,1,4,0,1,-250,12027,21.611400,11095,1581,240,227,105,3581,2804,1.614700,0,185,102,0,0,0,0,0,0
93,kings,lmr_endgame,10,8,2,4,0,2,-250,32385,64.543300,31230,3907,1084,983,480,7436,7222,6.165076,46,710,1,0,0,0,0,0,0
94,opening,lmr_endgame,10,21,0,8,0,2,-107,73201,113.773300,50496,7550,1490,1381,0,14413,12431,2.290146,0,1413,44,0,0,0,0,0,0
95,opening,lmr_endgame,10,21,0,11,0,5,136,113259,182.686400,78570,11132,2245,2175,0,22967,19529,2.229174,0,2117,87,0,0,0,0,0,0
96,opening,lmr_endgame,10,21,0,11,0,8,-148,47870,83.541600,34228,6216,1127,1102,0,9989,8889,1.772237,6,937,9,0,0,0,0,0,0
97,opening,lmr_endgame,10,20,0,8,0,1,225,59022,103.731600,41530,7272,1775,1736,0,12686,11352,1.301667,0,1121,22,0,0,0,0,0,0
98,opening,lmr_endgame,10,20,0,5,0,4,-180,16290,31.263900,11424,2655,306,288,0,3876,3595,1.768017,2,216,9,0,0,0,0,0,0
99,opening,lmr_endgame,10,24,0,8,0,6,23,26292,50.951700,14104,2511,244,228,0,4406,3950,1.357827,0,355,11,0,0,0,0,0,0
100,opening,lmr_endgame,10,22,0,7,0,0,31,69055,126.705700,45993,6112,1618,1507,0,14728,12835,1.457302,0,1340,62,0,0,0,0,0,0
