"Game","Pair","GuardColor","Result","GuardScore"
"1","1","dark","D","0.5"
"2","1","light","B","0"
"3","2","dark","B","0"
"4","2","light","A","1"
"5","3","dark","B","0"
"6","3","light","A","1"
"7","4","dark","D","0.5"
"8","4","light","D","0.5"
"9","5","dark","D","0.5"
"10","5","light","A","1"
"11","6","dark","B","0"
"12","6","light","A","1"
"13","7","dark","B","0"
"14","7","light","A","1"
"15","8","dark","A","1"
"16","8","light","A","1"
"17","9","dark","D","0.5"
"18","9","light","A","1"
"19","10","dark","A","1"
"20","10","light","A","1"
"21","11","dark","A","1"
"22","11","light","A","1"
"23","12","dark","D","0.5"
"24","12","light","D","0.5"
"25","13","dark","D","0.5"
"26","13","light","D","0.5"
"27","14","dark","B","0"
"28","14","light","A","1"
"29","15","dark","A","1"
"30","15","light","D","0.5"
"31","16","dark","D","0.5"
"32","16","light","D","0.5"
"33","17","dark","A","1"
"34","17","light","A","1"
"35","18","dark","D","0.5"
"36","18","light","A","1"
"37","19","dark","B","0"
"38","19","light","A","1"
"39","20","dark","A","1"
"40","20","light","B","0"
"41","21","dark","D","0.5"
"42","21","light","A","1"
"43","22","dark","D","0.5"
"44","22","light","B","0"
"45","23","dark","D","0.5"
"46","23","light","A","1"
"47","24","dark","B","0"
"48","24","light","A","1"
"49","25","dark","B","0"
"50","25","light","A","1"
"51","26","dark","D","0.5"
"52","26","light","A","1"
"53","27","dark","B","0"
"54","27","light","A","1"
"55","28","dark","A","1"
"56","28","light","D","0.5"
"57","29","dark","B","0"
"58","29","light","D","0.5"
"59","30","dark","A","1"
"60","30","light","B","0"
"61","31","dark","B","0"
"62","31","light","A","1"
"63","32","dark","A","1"
"64","32","light","B","0"
"65","33","dark","D","0.5"
"66","33","light","A","1"
"67","34","dark","A","1"
"68","34","light","D","0.5"
"69","35","dark","A","1"
"70","35","light","A","1"
"71","36","dark","B","0"
"72","36","light","B","0"
"73","37","dark","A","1"
"74","37","light","B","0"
"75","38","dark","A","1"
"76","38","light","B","0"
"77","39","dark","D","0.5"
"78","39","light","A","1"
"79","40","dark","D","0.5"
"80","40","light","A","1"
"81","41","dark","A","1"
"82","41","light","D","0.5"
"83","42","dark","A","1"
"84","42","light","D","0.5"
"85","43","dark","D","0.5"
"86","43","light","A","1"
"87","44","dark","A","1"
"88","44","light","B","0"
"89","45","dark","D","0.5"
"90","45","light","D","0.5"
"91","46","dark","B","0"
"92","46","light","A","1"
"93","47","dark","A","1"
"94","47","light","D","0.5"
"95","48","dark","A","1"
"96","48","light","A","1"
"97","49","dark","B","0"
"98","49","light","A","1"
"99","50","dark","D","0.5"
"100","50","light","D","0.5"
