position,phase,stage,depth,pieces,kings,root_moves,capture,draw_counter,score,nodes,time_ms,tt_probes,tt_matches,tt_hits,tt_cutoffs,egtb_hits,beta_cutoffs,first_move_cutoffs,ratio_vs_history,score_delta,lmr_reductions,lmr_researches
1,captures,history,8,21,0,1,1,0,-75,7353,7.063900,4840,852,224,141,0,1194,970,1.000000,0,0,0
2,captures,history,8,20,0,1,1,2,78,3668,3.772100,2570,340,25,12,0,605,473,1.000000,0,0,0
3,middle,history,8,18,0,10,0,1,-71,67308,86.476500,50455,6017,1444,1433,0,16522,14258,1.000000,0,0,0
4,middle,history,8,18,0,7,0,4,37,20550,28.794800,14997,1955,125,125,0,4379,3889,1.000000,0,0,0
5,middle,history,8,18,0,11,0,7,7,27200,37.736400,18853,3080,378,378,0,6717,6235,1.000000,0,0,0
6,middle,history,8,18,0,9,0,10,30,14927,20.647600,10434,1873,151,150,0,3993,3825,1.000000,0,0,0
7,captures,history,8,18,0,1,1,13,106,572,1.090100,361,67,1,1,0,71,56,1.000000,0,0,0
8,middle,history,8,15,0,5,0,0,-129,4512,3.900400,3422,670,175,112,0,928,845,1.000000,0,0,0
9,middle,history,8,13,0,9,0,0,65,22094,29.491200,18261,3317,752,618,0,6459,6053,1.000000,0,0,0
10,middle,history,8,12,0,8,0,1,18,25323,36.892800,20954,3174,772,683,15,7103,6551,1.000000,0,0,0
11,middle,history,8,12,0,7,0,4,-144,11477,18.101600,9694,2241,535,424,12,3204,3039,1.000000,0,0,0
12,middle,history,8,12,0,9,0,7,108,7560,10.757400,6572,1921,425,337,0,2442,2358,1.000000,0,0,0
13,middle,history,8,11,0,5,0,0,-182,7115,6.480200,6195,1328,362,264,1,1853,1657,1.000000,0,0,0
14,middle,history,8,11,0,7,0,3,211,7799,8.470200,6699,1081,168,167,0,2268,2048,1.000000,0,0,0
15,middle,history,8,9,0,4,0,0,-250,1870,2.733900,1701,406,34,34,10,525,525,1.000000,0,0,0
16,middle,history,8,8,0,9,0,1,295,3612,4.493900,3377,1397,240,240,0,1243,1243,1.000000,0,0,0
17,middle,history,8,7,0,1,0,0,-298,16,0.040300,23,13,0,0,0,0,0,1.000000,0,0,0
18,opening,history,8,23,0,7,0,2,-42,8759,11.146300,6160,962,43,34,0,1948,1762,1.000000,0,0,0
19,opening,history,8,22,0,8,0,1,193,24058,21.791200,18034,2684,327,325,0,5999,5654,1.000000,0,0,0
20,opening,history,8,22,0,8,0,4,-212,18163,16.564200,11835,1888,150,149,0,3704,3284,1.000000,0,0,0
21,opening,history,8,22,0,8,0,7,190,20931,28.866600,13991,2257,296,287,0,4725,4325,1.000000,0,0,0
22,opening,history,8,22,0,9,0,10,-228,11056,9.443800,7648,1586,97,93,0,2650,2483,1.000000,0,0,0
23,opening,history,8,22,0,7,0,13,186,8619,7.367000,6137,1456,91,91,0,2379,2306,1.000000,0,0,0
24,opening,history,8,22,0,6,0,16,-176,2139,2.915200,1633,497,21,21,0,648,640,1.000000,0,0,0
25,captures,history,8,22,0,1,1,19,250,591,0.578000,466,177,5,5,0,174,173,1.000000,0,0,0
26,kings,history,8,19,1,3,0,0,-250,923,1.269400,773,237,0,0,0,277,272,1.000000,0,0,0
27,kings,history,8,17,1,8,0,0,250,8477,9.857600,6900,2352,437,429,0,2591,2580,1.000000,0,0,0
28,kings,history,8,15,2,5,0,0,-250,1597,2.337800,1431,411,36,33,0,473,467,1.000000,0,0,0
29,captures,history,8,14,2,1,1,1,295,2835,2.282400,2414,504,43,43,0,893,891,1.000000,0,0,0
30,kings,history,8,13,2,1,0,2,-298,36,0.070400,41,22,0,0,0,6,6,1.000000,0,0,0
31,captures,history,8,21,0,2,1,0,14,24309,23.178600,16883,1807,329,244,0,4100,3157,1.000000,0,0,0
32,opening,history,8,20,0,7,0,2,-64,29318,28.728500,20369,1853,387,367,0,5923,4974,1.000000,0,0,0
33,opening,history,8,20,0,7,0,5,100,19260,18.580500,12927,1887,218,206,0,4420,3863,1.000000,0,0,0
34,opening,history,8,20,0,6,0,8,-69,18630,24.264800,13556,2405,383,352,0,4371,4002,1.000000,0,0,0
35,captures,history,8,20,0,1,1,11,225,15508,21.753500,11197,1127,120,111,0,3230,2552,1.000000,0,0,0
36,captures,history,8,18,1,1,1,2,-230,16310,20.086300,11570,1047,89,85,0,2508,2061,1.000000,0,0,0
37,kings,history,8,17,1,8,0,2,228,33759,46.409400,25319,3089,532,508,0,8187,7303,1.000000,0,0,0
38,kings,history,8,17,1,8,0,5,-228,14922,14.778000,11429,1539,182,180,0,3625,3193,1.000000,0,0,0
39,middle,history,8,15,0,7,0,0,228,7001,9.335400,5724,1153,83,83,0,2102,1981,1.000000,0,0,0
40,middle,history,8,13,0,3,0,0,-250,2705,2.544100,2171,502,29,29,0,569,567,1.000000,0,0,0
41,captures,history,8,12,0,1,1,0,250,1851,1.858700,1634,283,29,29,1,583,571,1.000000,0,0,0
42,middle,history,8,9,0,4,0,1,-292,4024,6.581900,3420,764,74,72,112,969,916,1.000000,0,0,0
43,captures,history,8,8,0,1,1,1,297,55,0.143300,55,31,0,0,11,5,5,1.000000,0,0,0
44,opening,history,8,22,0,10,0,0,-37,15869,15.767700,10360,1388,67,67,0,2912,2470,1.000000,0,0,0
45,opening,history,8,20,0,8,0,0,23,41285,85.186900,24848,1881,267,254,0,5879,4928,1.000000,0,0,0
46,captures,history,8,19,0,2,1,0,-195,9450,22.269600,6587,451,22,22,0,1730,1296,1.000000,0,0,0
47,middle,history,8,17,0,8,0,1,184,35261,83.180000,25685,2297,214,204,0,7235,5848,1.000000,0,0,0
48,middle,history,8,17,0,7,0,4,-184,36820,88.579500,26398,2743,410,401,0,7225,5884,1.000000,0,0,0
49,middle,history,8,17,0,9,0,7,200,14786,28.841100,9967,1232,51,49,0,3169,2737,1.000000,0,0,0
50,captures,history,8,15,0,1,1,0,-172,5025,10.821000,3857,487,46,33,0,1024,824,1.000000,0,0,0
51,captures,history,8,13,0,1,1,7,228,4999,22.107100,4023,588,57,56,0,1409,1306,1.000000,0,0,0
52,kings,history,8,8,1,6,0,0,250,5659,13.379400,5041,1132,79,74,58,1762,1696,1.000000,0,0,0
53,captures,history,8,8,2,1,1,1,-299,946,2.358700,800,136,0,0,153,164,143,1.000000,0,0,0
54,kings,history,8,6,2,7,0,1,299,6305,12.369900,4873,1120,2,2,1444,1968,1953,1.000000,0,0,0
55,kings,history,8,6,2,3,0,4,-299,3172,7.132500,2636,607,0,0,534,752,731,1.000000,0,0,0
56,kings,history,8,6,2,3,0,7,299,1435,2.231700,1186,276,0,0,261,455,446,1.000000,0,0,0
57,kings,history,8,6,2,4,0,10,-299,428,0.972000,394,116,0,0,42,101,100,1.000000,0,0,0
58,endgame,history,8,5,2,2,0,0,292,16,0.079000,8,7,0,0,16,0,0,1.000000,0,0,0
59,endgame,history,8,5,2,6,0,3,-293,48,0.124100,8,7,0,0,48,0,0,1.000000,0,0,0
60,endgame,history,8,5,2,7,0,6,296,56,0.127800,8,7,0,0,56,0,0,1.000000,0,0,0
61,endgame,history,8,5,2,6,0,9,-299,48,0.159400,8,7,0,0,48,0,0,1.000000,0,0,0
62,endgame,history,8,5,4,6,0,1,288,48,0.124100,8,7,0,0,48,0,0,1.000000,0,0,0
63,endgame,history,8,5,4,6,0,4,-291,48,0.198800,8,7,0,0,48,0,0,1.000000,0,0,0
64,endgame,history,8,5,4,4,0,7,294,32,0.344500,8,7,0,0,32,0,0,1.000000,0,0,0
65,endgame,history,8,5,4,3,0,10,-295,24,0.078900,8,7,0,0,24,0,0,1.000000,0,0,0
66,endgame,history,8,5,4,3,0,13,298,24,0.075600,8,7,0,0,24,0,0,1.000000,0,0,0
67,endgame,history,8,5,4,6,0,16,-299,48,0.354700,8,7,0,0,48,0,0,1.000000,0,0,0
68,endgame,history,8,5,5,5,0,1,267,40,0.100300,8,7,0,0,40,0,0,1.000000,0,0,0
69,endgame,history,8,5,5,6,0,4,-270,48,0.136300,8,7,0,0,48,0,0,1.000000,0,0,0
70,endgame,history,8,5,5,8,0,7,273,64,0.140200,8,7,0,0,64,0,0,1.000000,0,0,0
71,endgame,history,8,5,5,6,0,10,-272,48,0.171000,8,7,0,0,48,0,0,1.000000,0,0,0
72,endgame,history,8,5,5,10,0,13,250,31219,71.568300,28557,2511,154,154,2936,9040,7147,1.000000,0,0,0
73,endgame,history,8,4,4,4,0,0,-294,32,0.199500,8,7,0,0,32,0,0,1.000000,0,0,0
74,endgame,history,8,4,4,12,0,3,297,96,0.149400,8,7,0,0,96,0,0,1.000000,0,0,0
75,endgame,history,8,4,4,1,1,6,-299,8,0.074800,8,7,0,0,8,0,0,1.000000,0,0,0
76,endgame,history,8,2,2,4,0,0,0,32,0.089100,8,7,0,0,32,0,0,1.000000,0,0,0
77,endgame,history,8,2,2,2,0,3,0,285,1.030300,268,80,0,0,18,101,97,1.000000,0,0,0
78,captures,history,8,23,0,1,1,0,-62,410,0.839900,288,61,22,6,0,60,46,1.000000,0,0,0
79,captures,history,8,20,0,1,1,0,16,8924,13.114600,6451,559,33,27,0,1850,1545,1.000000,0,0,0
80,captures,history,8,17,0,2,1,0,34,9017,20.281700,6770,790,42,42,0,1504,1214,1.000000,0,0,0
81,captures,history,8,11,0,1,1,0,47,2707,45.929200,2333,515,54,54,17,788,723,1.000000,0,0,0
82,captures,history,8,9,0,1,1,0,-30,2323,4.800200,1946,567,118,81,159,669,641,1.000000,0,0,0
83,kings,history,8,6,1,5,0,0,-22,3252,7.654200,2636,525,142,88,637,889,689,1.000000,0,0,0
84,kings,history,8,6,2,6,0,2,-20,3963,9.636600,3016,491,1,1,961,1135,899,1.000000,0,0,0
85,kings,history,8,6,2,7,0,5,0,5519,14.370700,4366,1049,378,245,1173,1578,1251,1.000000,0,0,0
86,captures,history,8,6,2,1,1,8,0,8,0.036000,8,7,0,0,8,0,0,1.000000,0,0,0
87,opening,history,8,22,0,10,0,1,-9,9933,25.454600,6809,1013,34,32,0,2241,2038,1.000000,0,0,0
88,kings,history,8,17,1,8,0,2,-228,11727,26.074400,8468,1159,50,50,0,2727,2386,1.000000,0,0,0
89,kings,history,8,15,1,8,0,2,-250,10818,22.964900,8506,1530,145,144,0,2555,2242,1.000000,0,0,0
90,kings,history,8,11,1,4,0,2,-250,6462,16.455600,5696,906,2,1,17,1243,1157,1.000000,0,0,0
91,kings,history,8,11,1,11,0,5,250,20938,53.271900,19310,2883,188,188,42,6992,6957,1.000000,0,0,0
92,kings,history,8,10,1,4,0,1,-250,1848,5.093200,1636,248,17,16,13,456,337,1.000000,0,0,0
93,kings,history,8,8,2,4,0,2,-250,18068,44.315000,16383,2002,562,533,627,2898,2573,1.000000,0,0,0
94,opening,history,8,21,0,8,0,2,-116,40508,87.070900,27123,2915,250,244,0,7483,6193,1.000000,0,0,0
95,opening,history,8,21,0,11,0,5,111,34264,74.171100,23601,3486,313,311,0,6925,6217,1.000000,0,0,0
96,opening,history,8,21,0,11,0,8,-164,20452,47.398000,15109,2116,267,264,0,4782,4190,1.000000,0,0,0
97,opening,history,8,20,0,8,0,1,223,19758,161.610600,14090,2123,251,246,0,4705,4189,1.000000,0,0,0
98,opening,history,8,20,0,5,0,4,-179,7549,17.207800,5278,1095,77,72,0,1651,1495,1.000000,0,0,0
99,opening,history,8,24,0,8,0,6,29,8332,16.986800,4145,742,8,8,0,1343,1226,1.000000,0,0,0
100,opening,history,8,22,0,7,0,0,29,16037,32.540800,10702,2018,216,215,0,3612,3242,1.000000,0,0,0
1,captures,lmr,8,21,0,1,1,0,-75,6000,10.632500,4117,503,70,52,0,1080,863,1.225500,0,86,13
2,captures,lmr,8,20,0,1,1,2,105,3223,7.361500,2208,269,51,34,0,516,389,1.138070,27,37,6
3,middle,lmr,8,18,0,10,0,1,-70,62976,218.799900,45413,4120,1112,1017,0,13138,10353,1.068788,1,877,170
4,middle,lmr,8,18,0,7,0,4,56,13301,28.029200,9408,1232,181,152,0,2677,2341,1.544997,19,215,7
5,middle,lmr,8,18,0,11,0,7,7,16531,33.662800,10965,1938,313,303,0,3229,2882,1.645394,0,272,7
6,middle,lmr,8,18,0,9,0,10,30,10672,19.835400,6993,1288,195,188,0,2208,2062,1.398707,0,189,5
7,captures,lmr,8,18,0,1,1,13,106,524,1.155800,336,60,2,2,0,64,49,1.091603,0,2,0
8,middle,lmr,8,15,0,5,0,0,-129,3824,8.178400,2831,549,182,116,0,718,637,1.179916,0,50,2
9,middle,lmr,8,13,0,9,0,0,65,14877,30.753700,11787,2197,707,607,0,3289,3013,1.485111,0,364,1
10,middle,lmr,8,12,0,8,0,1,41,15579,36.686600,12638,2032,448,448,8,4039,3689,1.625457,23,337,7
11,middle,lmr,8,12,0,7,0,4,-144,8214,18.623100,6995,1676,477,376,3,2318,2199,1.397249,0,170,3
12,middle,lmr,8,12,0,9,0,7,108,6051,13.164800,5162,1463,363,307,0,1784,1711,1.249380,0,158,2
13,middle,lmr,8,11,0,5,0,0,-189,5501,9.302500,4786,1086,361,260,1,1405,1240,1.293401,-7,80,4
14,middle,lmr,8,11,0,7,0,3,191,7112,17.313900,6022,1176,434,327,0,1815,1553,1.096597,-20,145,16
15,middle,lmr,8,9,0,4,0,0,-250,1322,3.034200,1213,263,37,37,2,390,390,1.414523,0,22,1
16,middle,lmr,8,8,0,9,0,1,295,2881,5.457400,2646,1026,207,207,0,892,892,1.253731,0,151,0
17,middle,lmr,8,7,0,1,0,0,-298,16,0.046800,23,13,0,0,0,0,0,1.000000,0,0,0
18,opening,lmr,8,23,0,7,0,2,-42,6941,12.086300,4784,755,88,77,0,1321,1167,1.261922,0,83,1
19,opening,lmr,8,22,0,8,0,1,193,16709,34.111600,11967,1791,360,344,0,3299,3002,1.439823,0,294,8
20,opening,lmr,8,22,0,8,0,4,-212,12747,25.285600,8145,1329,200,197,0,2290,1984,1.424884,0,197,4
21,opening,lmr,8,22,0,8,0,7,190,14582,26.878700,9679,1687,351,331,0,3033,2702,1.435400,0,266,4
22,opening,lmr,8,22,0,9,0,10,-228,8861,17.172400,5977,1212,151,147,0,1923,1743,1.247715,0,178,5
23,opening,lmr,8,22,0,7,0,13,180,6103,13.470600,4211,1067,114,112,0,1487,1442,1.412256,-6,117,0
24,opening,lmr,8,22,0,6,0,16,-176,1866,3.408200,1402,442,29,29,0,522,514,1.146302,0,20,0
25,captures,lmr,8,22,0,1,1,19,250,591,1.350100,466,177,5,5,0,174,173,1.000000,0,0,0
26,kings,lmr,8,19,1,3,0,0,-250,879,2.506600,726,222,2,2,0,251,246,1.050057,0,6,0
27,kings,lmr,8,17,1,8,0,0,250,5721,17.594400,4882,1643,387,387,0,1629,1626,1.481734,0,186,0
28,kings,lmr,8,15,2,5,0,0,-250,1296,3.295000,1139,361,37,34,0,437,429,1.232253,0,23,0
29,captures,lmr,8,14,2,1,1,1,295,1721,3.706900,1329,292,42,42,0,325,323,1.647298,0,59,0
30,kings,lmr,8,13,2,1,0,2,-298,36,0.080800,41,22,0,0,0,6,6,1.000000,0,0,0
31,captures,lmr,8,21,0,2,1,0,14,20829,44.515000,14419,1523,542,346,0,3709,2679,1.167075,0,245,52
32,opening,lmr,8,20,0,7,0,2,-61,21833,44.833500,15394,1503,435,363,0,4575,3732,1.342830,3,303,31
33,opening,lmr,8,20,0,7,0,5,103,13022,26.732200,8390,1293,212,177,0,2398,2037,1.479035,3,184,11
34,opening,lmr,8,20,0,6,0,8,-69,10173,18.558900,7403,1349,313,272,0,2361,2105,1.831318,0,158,7
35,captures,lmr,8,20,0,1,1,11,225,12021,20.831300,8620,839,171,98,0,2311,1723,1.290076,0,164,32
36,captures,lmr,8,18,1,1,1,2,-228,9166,18.280900,6749,753,151,118,0,1891,1518,1.779402,2,124,36
37,kings,lmr,8,17,1,8,0,2,228,22967,53.682300,17034,2272,492,428,0,4777,4104,1.469892,0,398,39
38,kings,lmr,8,17,1,8,0,5,-228,10225,22.515400,7983,1218,204,195,0,2523,2173,1.459364,0,154,19
39,middle,lmr,8,15,0,7,0,0,228,5768,11.486400,4576,942,131,129,0,1467,1353,1.213766,0,105,3
40,middle,lmr,8,13,0,3,0,0,-250,1510,3.868700,1226,280,23,23,0,349,347,1.791391,0,33,0
41,captures,lmr,8,12,0,1,1,0,250,1110,1.634200,963,177,14,14,1,260,249,1.667568,0,23,0
42,middle,lmr,8,9,0,4,0,1,-292,2827,6.504300,2383,512,65,61,87,695,641,1.423417,0,60,2
43,captures,lmr,8,8,0,1,1,1,297,55,0.135800,55,31,0,0,11,5,5,1.000000,0,0,0
44,opening,lmr,8,22,0,10,0,0,-36,10595,22.205200,6968,994,169,143,0,1829,1511,1.497782,1,146,11
45,opening,lmr,8,20,0,8,0,0,25,24125,145.504000,15462,1410,362,328,0,4252,3561,1.711295,2,323,27
46,captures,lmr,8,19,0,2,1,0,-195,4209,6.277500,2988,306,45,23,0,737,548,2.245189,0,47,10
47,middle,lmr,8,17,0,8,0,1,184,17787,36.606400,12792,1361,205,174,0,3220,2509,1.982403,0,217,23
48,middle,lmr,8,17,0,7,0,4,-184,24241,52.083900,17425,1896,377,355,0,4661,3671,1.518914,0,306,27
49,middle,lmr,8,17,0,9,0,7,200,10476,22.951900,7139,905,103,81,0,1952,1607,1.411417,0,131,17
50,captures,lmr,8,15,0,1,1,0,-141,3707,7.950100,2746,352,75,58,0,669,522,1.355544,31,42,4
51,captures,lmr,8,13,0,1,1,7,228,4616,8.945200,3698,547,86,72,0,1219,1076,1.082972,0,100,16
52,kings,lmr,8,8,1,6,0,0,250,4329,8.278100,3819,823,105,100,41,1106,1043,1.307230,0,90,0
53,captures,lmr,8,8,2,1,1,1,-299,767,2.022800,647,111,5,5,127,138,117,1.233377,0,7,0
54,kings,lmr,8,6,2,7,0,1,299,4477,10.692800,3608,924,80,80,877,1229,1214,1.408309,0,110,0
55,kings,lmr,8,6,2,3,0,4,-299,2080,3.775500,1701,414,20,20,379,538,517,1.525000,0,37,0
56,kings,lmr,8,6,2,3,0,7,299,1206,2.973200,1000,245,13,13,215,335,326,1.189884,0,17,0
57,kings,lmr,8,6,2,4,0,10,-299,428,1.079200,394,116,0,0,42,101,100,1.000000,0,0,0
58,endgame,lmr,8,5,2,2,0,0,292,16,0.041700,8,7,0,0,16,0,0,1.000000,0,0,0
59,endgame,lmr,8,5,2,6,0,3,-293,48,0.142100,8,7,0,0,48,0,0,1.000000,0,0,0
60,endgame,lmr,8,5,2,7,0,6,296,56,0.214400,8,7,0,0,56,0,0,1.000000,0,0,0
61,endgame,lmr,8,5,2,6,0,9,-299,48,0.127800,8,7,0,0,48,0,0,1.000000,0,0,0
62,endgame,lmr,8,5,4,6,0,1,288,48,0.123600,8,7,0,0,48,0,0,1.000000,0,0,0
63,endgame,lmr,8,5,4,6,0,4,-291,48,0.225900,8,7,0,0,48,0,0,1.000000,0,0,0
64,endgame,lmr,8,5,4,4,0,7,294,32,0.068100,8,7,0,0,32,0,0,1.000000,0,0,0
65,endgame,lmr,8,5,4,3,0,10,-295,24,0.138100,8,7,0,0,24,0,0,1.000000,0,0,0
66,endgame,lmr,8,5,4,3,0,13,298,24,0.066700,8,7,0,0,24,0,0,1.000000,0,0,0
67,endgame,lmr,8,5,4,6,0,16,-299,48,0.498700,8,7,0,0,48,0,0,1.000000,0,0,0
68,endgame,lmr,8,5,5,5,0,1,267,40,0.080800,8,7,0,0,40,0,0,1.000000,0,0,0
69,endgame,lmr,8,5,5,6,0,4,-270,48,0.401200,8,7,0,0,48,0,0,1.000000,0,0,0
70,endgame,lmr,8,5,5,8,0,7,273,64,0.084500,8,7,0,0,64,0,0,1.000000,0,0,0
71,endgame,lmr,8,5,5,6,0,10,-272,48,0.130700,8,7,0,0,48,0,0,1.000000,0,0,0
72,endgame,lmr,8,5,5,10,0,13,250,24402,53.272800,22096,2061,344,257,2485,6179,4336,1.279362,0,396,101
73,endgame,lmr,8,4,4,4,0,0,-294,32,0.154300,8,7,0,0,32,0,0,1.000000,0,0,0
74,endgame,lmr,8,4,4,12,0,3,297,96,0.070400,8,7,0,0,96,0,0,1.000000,0,0,0
75,endgame,lmr,8,4,4,1,1,6,-299,8,0.057000,8,7,0,0,8,0,0,1.000000,0,0,0
76,endgame,lmr,8,2,2,4,0,0,0,32,0.094800,8,7,0,0,32,0,0,1.000000,0,0,0
77,endgame,lmr,8,2,2,2,0,3,0,285,0.795700,268,80,0,0,18,101,97,1.000000,0,0,0
78,captures,lmr,8,23,0,1,1,0,-62,410,0.894700,288,61,22,6,0,60,46,1.000000,0,0,0
79,captures,lmr,8,20,0,1,1,0,16,8958,16.393800,6516,591,96,68,0,1877,1545,0.996205,0,126,28
80,captures,lmr,8,17,0,2,1,0,34,4652,8.925300,3423,389,59,55,0,781,599,1.938306,0,72,7
81,captures,lmr,8,11,0,1,1,0,47,1805,4.333000,1550,313,43,43,11,502,452,1.499723,0,27,2
82,captures,lmr,8,9,0,1,1,0,-30,1944,5.506300,1642,454,114,80,124,551,523,1.194959,0,35,1
83,kings,lmr,8,6,1,5,0,0,-22,3267,7.651800,2665,530,164,107,620,879,668,0.995409,0,43,4
84,kings,lmr,8,6,2,6,0,2,-20,3879,9.465200,2976,472,43,33,914,1086,844,1.021655,0,70,11
85,kings,lmr,8,6,2,7,0,5,0,6897,16.343900,5628,1174,414,280,1307,1849,1424,0.800203,0,160,23
86,captures,lmr,8,6,2,1,1,8,0,8,0.027500,8,7,0,0,8,0,0,1.000000,0,0,0
87,opening,lmr,8,22,0,10,0,1,-9,8164,16.926300,5442,845,115,98,0,1645,1424,1.216683,0,125,13
88,kings,lmr,8,17,1,8,0,2,-228,10913,24.705800,7675,1068,109,82,0,2257,1859,1.074590,0,149,31
89,kings,lmr,8,15,1,8,0,2,-250,5731,13.240500,4506,970,163,156,0,1380,1244,1.887629,0,127,4
90,kings,lmr,8,11,1,4,0,2,-250,3131,6.750000,2723,501,20,19,12,761,686,2.063877,0,53,0
91,kings,lmr,8,11,1,11,0,5,250,12440,27.153300,11147,1762,256,252,21,2799,2769,1.683119,0,292,1
92,kings,lmr,8,10,1,4,0,1,-250,1776,4.680400,1574,253,17,16,13,446,334,1.040541,0,11,6
93,kings,lmr,8,8,2,4,0,2,-250,6445,17.476200,5993,839,247,214,171,1333,1284,2.803413,0,94,0
94,opening,lmr,8,21,0,8,0,2,-116,18783,37.477200,12335,1587,246,208,0,3328,2709,2.156631,0,291,13
95,opening,lmr,8,21,0,11,0,5,111,19553,41.022000,13313,1935,335,315,0,3839,3317,1.752365,0,409,11
96,opening,lmr,8,21,0,11,0,8,-164,14182,30.384600,10106,1459,285,275,0,2820,2388,1.442110,0,239,6
97,opening,lmr,8,20,0,8,0,1,195,16957,31.313200,11586,1533,296,288,0,3378,2862,1.165183,-28,256,4
98,opening,lmr,8,20,0,5,0,4,-179,5612,12.851100,3842,791,95,90,0,1195,1085,1.345153,0,59,5
99,opening,lmr,8,24,0,8,0,6,23,6908,12.679200,3372,611,47,45,0,1007,893,1.206138,-6,70,5
100,opening,lmr,8,22,0,7,0,0,29,11665,22.378800,7379,1307,231,215,0,2298,1977,1.374796,0,231,11
