"Variant","Depth","Trial","Stage","Phase","Time_ms"
"lmr","8","1","history","all","825.3720000000001"
"lmr","8","1","history","opening","437.98"
"lmr","8","1","history","middle","197.8892"
"lmr","8","1","history","captures","70.55219999999998"
"lmr","8","1","history","kings","96.85379999999999"
"lmr","8","1","history","endgame","22.096799999999998"
"lmr","8","1","lmr","all","1567.5954"
"lmr","8","1","lmr","opening","554.1525999999999"
"lmr","8","1","lmr","middle","532.1932"
"lmr","8","1","lmr","captures","179.06130000000002"
"lmr","8","1","lmr","kings","243.19920000000002"
"lmr","8","1","lmr","endgame","58.9891"
"lmr","8","2","history","all","773.6416"
"lmr","8","2","history","opening","392.2238"
"lmr","8","2","history","middle","182.401"
"lmr","8","2","history","captures","74.2753"
"lmr","8","2","history","kings","99.48500000000001"
"lmr","8","2","history","endgame","25.2565"
"lmr","8","2","lmr","all","1331.3643000000002"
"lmr","8","2","lmr","opening","439.68219999999997"
"lmr","8","2","lmr","middle","458.8211000000001"
"lmr","8","2","lmr","captures","157.89559999999997"
"lmr","8","2","lmr","kings","215.9597"
"lmr","8","2","lmr","endgame","59.005700000000004"
"lmr","8","3","history","all","689.5048000000002"
"lmr","8","3","history","opening","311.33419999999995"
"lmr","8","3","history","middle","177.84570000000005"
"lmr","8","3","history","captures","76.329"
"lmr","8","3","history","kings","94.54139999999998"
"lmr","8","3","history","endgame","29.4545"
"lmr","8","3","lmr","all","1446.1531000000002"
"lmr","8","3","lmr","opening","499.3551"
"lmr","8","3","lmr","middle","450.01800000000003"
"lmr","8","3","lmr","captures","187.6972"
"lmr","8","3","lmr","kings","249.7725"
"lmr","8","3","lmr","endgame","59.3103"
"lmr","10","1","history","all","5363.661800000002"
"lmr","10","1","history","opening","2360.3457"
"lmr","10","1","history","middle","939.6088999999997"
"lmr","10","1","history","captures","401.82179999999994"
"lmr","10","1","history","kings","1484.5718"
"lmr","10","1","history","endgame","177.3136"
"lmr","10","1","lmr","all","6212.387299999999"
"lmr","10","1","lmr","opening","2075.2053"
"lmr","10","1","lmr","middle","1831.6004"
"lmr","10","1","lmr","captures","789.3979999999999"
"lmr","10","1","lmr","kings","806.5281000000001"
"lmr","10","1","lmr","endgame","709.6555"
"lmr","10","2","history","all","6576.144000000003"
"lmr","10","2","history","opening","2243.4453"
"lmr","10","2","history","middle","1592.4968000000001"
"lmr","10","2","history","captures","684.989"
"lmr","10","2","history","kings","1475.8309000000002"
"lmr","10","2","history","endgame","579.382"
"lmr","10","2","lmr","all","6139.635499999997"
"lmr","10","2","lmr","opening","2224.1444"
"lmr","10","2","lmr","middle","1712.7162999999996"
"lmr","10","2","lmr","captures","724.3295"
"lmr","10","2","lmr","kings","813.9753000000001"
"lmr","10","2","lmr","endgame","664.47"
"lmr","10","3","history","all","6137.182200000002"
"lmr","10","3","history","opening","2074.3141"
"lmr","10","3","history","middle","1511.6705"
"lmr","10","3","history","captures","659.6335"
"lmr","10","3","history","kings","1308.6841"
"lmr","10","3","history","endgame","582.88"
"lmr","10","3","lmr","all","5759.156599999999"
"lmr","10","3","lmr","opening","1947.5029"
"lmr","10","3","lmr","middle","1736.5828999999999"
"lmr","10","3","lmr","captures","680.7987000000002"
"lmr","10","3","lmr","kings","767.8222000000001"
"lmr","10","3","lmr","endgame","626.4499000000001"
"lmr-late","8","1","history","all","878.6178999999998"
"lmr-late","8","1","history","opening","496.67229999999995"
"lmr-late","8","1","history","middle","180.15039999999996"
"lmr-late","8","1","history","captures","69.16059999999999"
"lmr-late","8","1","history","kings","109.61009999999999"
"lmr-late","8","1","history","endgame","23.0245"
"lmr-late","8","1","lmr_late","all","1808.9900000000005"
"lmr-late","8","1","lmr_late","opening","613.6681"
"lmr-late","8","1","lmr_late","middle","612.568"
"lmr-late","8","1","lmr_late","captures","203.32879999999997"
"lmr-late","8","1","lmr_late","kings","297.46139999999997"
"lmr-late","8","1","lmr_late","endgame","81.96369999999999"
"lmr-late","8","2","history","all","622.6643"
"lmr-late","8","2","history","opening","246.04770000000002"
"lmr-late","8","2","history","middle","188.93880000000001"
"lmr-late","8","2","history","captures","67.31490000000001"
"lmr-late","8","2","history","kings","95.9639"
"lmr-late","8","2","history","endgame","24.399"
"lmr-late","8","2","lmr_late","all","1590.1392000000005"
"lmr-late","8","2","lmr_late","opening","580.1009"
"lmr-late","8","2","lmr_late","middle","518.8292"
"lmr-late","8","2","lmr_late","captures","186.85740000000004"
"lmr-late","8","2","lmr_late","kings","235.25739999999996"
"lmr-late","8","2","lmr_late","endgame","69.09429999999999"
"lmr-late","8","3","history","all","722.8746"
"lmr-late","8","3","history","opening","311.4049"
"lmr-late","8","3","history","middle","208.35469999999995"
"lmr-late","8","3","history","captures","70.9605"
"lmr-late","8","3","history","kings","100.17330000000001"
"lmr-late","8","3","history","endgame","31.981200000000005"
"lmr-late","8","3","lmr_late","all","1708.7733000000012"
"lmr-late","8","3","lmr_late","opening","607.9516"
"lmr-late","8","3","lmr_late","middle","539.4004"
"lmr-late","8","3","lmr_late","captures","219.57780000000002"
"lmr-late","8","3","lmr_late","kings","267.0097"
"lmr-late","8","3","lmr_late","endgame","74.8338"
"lmr-late","10","1","history","all","7121.8596000000025"
"lmr-late","10","1","history","opening","2489.876"
"lmr-late","10","1","history","middle","1669.3995999999997"
"lmr-late","10","1","history","captures","786.5649"
"lmr-late","10","1","history","kings","1416.2593"
"lmr-late","10","1","history","endgame","759.7598000000002"
"lmr-late","10","1","lmr_late","all","6081.060299999998"
"lmr-late","10","1","lmr_late","opening","2164.5583"
"lmr-late","10","1","lmr_late","middle","1949.4142"
"lmr-late","10","1","lmr_late","captures","799.4741000000001"
"lmr-late","10","1","lmr_late","kings","770.5060999999997"
"lmr-late","10","1","lmr_late","endgame","397.1076"
"lmr-late","10","2","history","all","6264.834399999999"
"lmr-late","10","2","history","opening","2094.0365"
"lmr-late","10","2","history","middle","1444.5019"
"lmr-late","10","2","history","captures","684.5517000000001"
"lmr-late","10","2","history","kings","1449.8706000000002"
"lmr-late","10","2","history","endgame","591.8737"
"lmr-late","10","2","lmr_late","all","7101.023900000001"
"lmr-late","10","2","lmr_late","opening","2522.3239000000003"
"lmr-late","10","2","lmr_late","middle","1936.6054000000001"
"lmr-late","10","2","lmr_late","captures","904.0668999999997"
"lmr-late","10","2","lmr_late","kings","1068.0455"
"lmr-late","10","2","lmr_late","endgame","669.9821999999998"
"lmr-late","10","3","history","all","6391.312399999999"
"lmr-late","10","3","history","opening","2144.543"
"lmr-late","10","3","history","middle","1494.7548"
"lmr-late","10","3","history","captures","685.97"
"lmr-late","10","3","history","kings","1481.4967000000001"
"lmr-late","10","3","history","endgame","584.5479"
"lmr-late","10","3","lmr_late","all","7235.095199999999"
"lmr-late","10","3","lmr_late","opening","2447.1525"
"lmr-late","10","3","lmr_late","middle","2205.488"
"lmr-late","10","3","lmr_late","captures","894.5174999999999"
"lmr-late","10","3","lmr_late","kings","1058.9216"
"lmr-late","10","3","lmr_late","endgame","629.0156000000001"
"lmr-endgame","8","1","history","all","972.8653000000003"
"lmr-endgame","8","1","history","opening","435.4245"
"lmr-endgame","8","1","history","middle","232.54029999999992"
"lmr-endgame","8","1","history","captures","67.48190000000001"
"lmr-endgame","8","1","history","kings","215.9043"
"lmr-endgame","8","1","history","endgame","21.514300000000002"
"lmr-endgame","8","1","lmr_endgame","all","934.3651000000004"
"lmr-endgame","8","1","lmr_endgame","opening","273.0209"
"lmr-endgame","8","1","lmr_endgame","middle","466.29630000000003"
"lmr-endgame","8","1","lmr_endgame","captures","78.6136"
"lmr-endgame","8","1","lmr_endgame","kings","88.625"
"lmr-endgame","8","1","lmr_endgame","endgame","27.8093"
"lmr-endgame","8","2","history","all","639.1283999999999"
"lmr-endgame","8","2","history","opening","262.54179999999997"
"lmr-endgame","8","2","history","middle","181.68310000000002"
"lmr-endgame","8","2","history","captures","62.7119"
"lmr-endgame","8","2","history","kings","105.0514"
"lmr-endgame","8","2","history","endgame","27.1402"
"lmr-endgame","8","2","lmr_endgame","all","1362.5426000000002"
"lmr-endgame","8","2","lmr_endgame","opening","477.2056999999999"
"lmr-endgame","8","2","lmr_endgame","middle","422.90500000000003"
"lmr-endgame","8","2","lmr_endgame","captures","168.40559999999996"
"lmr-endgame","8","2","lmr_endgame","kings","228.30150000000003"
"lmr-endgame","8","2","lmr_endgame","endgame","65.72480000000002"
"lmr-endgame","8","3","history","all","648.7517"
"lmr-endgame","8","3","history","opening","260.0466"
"lmr-endgame","8","3","history","middle","188.9903"
"lmr-endgame","8","3","history","captures","74.0613"
"lmr-endgame","8","3","history","kings","91.28450000000001"
"lmr-endgame","8","3","history","endgame","34.369"
"lmr-endgame","8","3","lmr_endgame","all","1343.7013"
"lmr-endgame","8","3","lmr_endgame","opening","471.6752000000001"
"lmr-endgame","8","3","lmr_endgame","middle","438.86249999999995"
"lmr-endgame","8","3","lmr_endgame","captures","155.4025"
"lmr-endgame","8","3","lmr_endgame","kings","211.7476"
"lmr-endgame","8","3","lmr_endgame","endgame","66.0135"
"lmr-endgame","10","1","history","all","7657.347599999998"
"lmr-endgame","10","1","history","opening","2771.719"
"lmr-endgame","10","1","history","middle","1797.9136999999998"
"lmr-endgame","10","1","history","captures","823.2489000000002"
"lmr-endgame","10","1","history","kings","1625.5916000000002"
"lmr-endgame","10","1","history","endgame","638.8743999999999"
"lmr-endgame","10","1","lmr_endgame","all","6448.984"
"lmr-endgame","10","1","lmr_endgame","opening","2147.8881"
"lmr-endgame","10","1","lmr_endgame","middle","1985.8337"
"lmr-endgame","10","1","lmr_endgame","captures","860.4659000000001"
"lmr-endgame","10","1","lmr_endgame","kings","839.6835000000001"
"lmr-endgame","10","1","lmr_endgame","endgame","615.1127999999999"
"lmr-endgame","10","2","history","all","6492.4794"
"lmr-endgame","10","2","history","opening","2119.0406000000003"
"lmr-endgame","10","2","history","middle","1645.9181"
"lmr-endgame","10","2","history","captures","690.1043999999999"
"lmr-endgame","10","2","history","kings","1450.769"
"lmr-endgame","10","2","history","endgame","586.6472999999999"
"lmr-endgame","10","2","lmr_endgame","all","6062.980799999999"
"lmr-endgame","10","2","lmr_endgame","opening","2159.6553000000004"
"lmr-endgame","10","2","lmr_endgame","middle","1666.6641000000002"
"lmr-endgame","10","2","lmr_endgame","captures","800.4243999999999"
"lmr-endgame","10","2","lmr_endgame","kings","821.8669"
"lmr-endgame","10","2","lmr_endgame","endgame","614.3701000000001"
"lmr-endgame","10","3","history","all","6522.626399999999"
"lmr-endgame","10","3","history","opening","2164.9008"
"lmr-endgame","10","3","history","middle","1431.5412000000001"
"lmr-endgame","10","3","history","captures","693.2039000000001"
"lmr-endgame","10","3","history","kings","1545.5410000000002"
"lmr-endgame","10","3","history","endgame","687.4395000000002"
"lmr-endgame","10","3","lmr_endgame","all","5951.6208000000015"
"lmr-endgame","10","3","lmr_endgame","opening","2112.886"
"lmr-endgame","10","3","lmr_endgame","middle","1709.7651"
"lmr-endgame","10","3","lmr_endgame","captures","727.6896999999998"
"lmr-endgame","10","3","lmr_endgame","kings","805.7340999999999"
"lmr-endgame","10","3","lmr_endgame","endgame","595.5459000000001"
