"Stage","Depth","Nodes","Score","TTProbes","TTMatches","TTHits","TTCutoffs","Collisions","EGTBHits","BetaCutoffs","FirstMoveCutoffs","FirstMovePercent","TTHitPercent","MedianTimeMs","MinTimeMs","MaxTimeMs","MedianNPS"
"tt","1","7","-5","8","0","0","0","0","0","0","0","0","0","0.05","0.05","0.05","141700"
"tt","2","54","5","42","1","0","0","0","0","4","3","75","2.38","0.1","0.08","0.14","530451"
"tt","3","255","5","141","9","0","0","0","0","16","11","68.75","6.38","0.27","0.22","0.27","954341"
"tt","4","560","5","294","30","0","0","0","0","60","46","76.67","10.2","0.4","0.39","0.45","1414141"
"tt","5","1637","-5","915","95","3","3","0","0","204","163","79.9","10.38","1.41","0.96","3.39","1160663"
"tt","6","3090","5","1730","247","11","11","0","0","440","356","80.91","14.28","2.7","2.49","2.75","1144910"
"tt","7","11057","5","6449","680","62","62","0","0","1760","1371","77.9","10.54","7.29","6.51","9.1","1516298"
"tt","8","24963","4","13691","1689","131","131","4","0","3757","2879","76.63","12.34","15.04","14.37","22.95","1659939"
"tt","9","88162","1","52604","4670","994","975","30","0","16096","12477","77.52","8.88","65.59","64.39","114.39","1344176"
"tt","10","319771","-5","180438","16774","5224","5081","313","0","49534","36218","73.12","9.3","246.13","227.84","249.89","1299221"
"tt","11","487011","5","290246","34246","9173","8992","776","0","85696","66774","77.92","11.8","374.32","371.22","404.52","1301059"
"tt","12","903961","-5","529914","72984","19736","19351","2434","0","158223","123987","78.36","13.77","733.53","626.34","742.93","1232341"
"tt","13","1309285","14","804834","123905","29427","28964","5579","0","246123","199986","81.25","15.4","1039.99","957.11","1907.02","1258934"
"tt","14","2777042","-3","1686330","250012","64468","63555","23748","0","502246","403219","80.28","14.83","2131.58","2097.84","5135.34","1302807"
"tt","15","5692729","15","3723090","535677","159450","157731","121649","0","1192527","988163","82.86","14.39","4508.2","4412.22","21343.87","1262748"
"tactical","1","7","-5","8","0","0","0","0","0","0","0","0","0","0.02","0.02","0.04","324074"
"tactical","2","54","5","42","1","0","0","0","0","4","3","75","2.38","0.09","0.07","0.22","598669"
"tactical","3","255","5","141","9","0","0","0","0","16","11","68.75","6.38","0.21","0.19","0.41","1209103"
"tactical","4","560","5","294","30","0","0","0","0","60","46","76.67","10.2","0.54","0.4","1.23","1035886"
"tactical","5","1637","-5","915","95","3","3","0","0","204","163","79.9","10.38","1.58","1.27","3.31","1037717"
"tactical","6","3090","5","1730","247","11","11","0","0","440","356","80.91","14.28","2.42","1.84","28.96","1275436"
"tactical","7","11057","5","6449","680","62","62","0","0","1760","1371","77.9","10.54","9.69","7.61","29.73","1141026"
"tactical","8","24963","4","13691","1689","131","131","4","0","3757","2879","76.63","12.34","18.95","17.25","43.97","1317176"
"tactical","9","88162","1","52604","4670","994","975","30","0","16096","12477","77.52","8.88","71.42","63.69","146.85","1234402"
"tactical","10","319633","-5","180438","16774","5224","5081","313","0","49534","36218","73.12","9.3","253.97","239.66","631.03","1258554"
"tactical","11","486824","5","290246","34246","9173","8992","776","0","85696","66774","77.92","11.8","367.15","355.53","878.86","1325968"
"tactical","12","903659","-5","529920","72984","19736","19351","2435","0","158220","123984","78.36","13.77","696.5","660.15","1487.6","1297437"
"tactical","13","1308838","14","804835","123903","29427","28964","5583","0","246122","199985","81.25","15.39","964.81","911.8","3302.41","1356572"
"tactical","14","2776554","-3","1686454","250031","64489","63576","23766","0","502256","403224","80.28","14.83","2098.84","2056.23","7192.34","1322898"
"tactical","15","5692197","15","3724045","535715","159498","157779","121713","0","1192778","988452","82.87","14.39","7133.64","4364.52","11161.07","797937"
"killers","1","7","-5","8","0","0","0","0","0","0","0","0","0","0.05","0.02","0.06","139442"
"killers","2","56","5","42","1","0","0","0","0","4","3","75","2.38","0.09","0.08","0.15","632768"
"killers","3","265","5","143","9","0","0","0","0","17","13","76.47","6.29","0.3","0.28","0.56","889560"
"killers","4","528","5","287","30","0","0","0","0","61","49","80.33","10.45","0.52","0.5","1.08","1021671"
"killers","5","1457","-5","836","96","4","4","0","0","175","142","81.14","11.48","2.02","1.36","2.31","720466"
"killers","6","2864","5","1669","246","10","10","0","0","441","382","86.62","14.74","3.93","2.38","4.62","729254"
"killers","7","9670","5","5326","650","38","38","0","0","1320","1079","81.74","12.2","15.64","9.99","15.88","618369"
"killers","8","21239","4","11844","1582","115","115","1","0","3368","2815","83.58","13.36","30.55","13.51","31.65","695302"
"killers","9","88704","1","51980","4741","932","912","37","0","15174","12446","82.02","9.12","148.27","60.16","161.83","598279"
"killers","10","201644","-5","121656","12967","2584","2515","166","0","36246","30391","83.85","10.66","326.5","156.56","328.04","617595"
"killers","11","376713","5","231601","29393","5777","5668","522","0","68617","59044","86.05","12.69","672.69","296.65","719.46","560012"
"killers","12","719147","-5","449084","65384","13226","13018","1772","0","144704","127191","87.9","14.56","1237.33","505.98","1624.67","581208"
"killers","13","1191167","14","754363","123790","20968","20740","4940","0","231620","206955","89.35","16.41","2003.67","831.12","2052.9","594493"
"killers","14","2328647","-3","1507216","252784","45256","44914","18743","0","493924","447625","90.63","16.77","4280.15","1855.6","4389.35","544057"
"killers","15","5046742","15","3342864","548184","107439","106494","96699","0","1043645","949325","90.96","16.4","10156.62","3939.89","10651.64","496892"
"history","1","7","-5","8","0","0","0","0","0","0","0","0","0","0.04","0.02","0.07","175438"
"history","2","56","5","42","1","0","0","0","0","4","3","75","2.38","0.16","0.07","0.17","350438"
"history","3","265","5","143","9","0","0","0","0","17","13","76.47","6.29","0.33","0.27","0.54","810149"
"history","4","515","5","286","30","0","0","0","0","61","50","81.97","10.49","0.66","0.49","0.94","776303"
"history","5","1424","-5","830","96","4","4","0","0","175","140","80","11.57","2.89","1.07","3.12","493057"
"history","6","2771","5","1655","246","10","10","0","0","440","377","85.68","14.86","3.72","2.25","9.02","743892"
"history","7","9411","5","5157","647","41","41","0","0","1268","1035","81.62","12.55","11.84","7.46","14.96","795029"
"history","8","19841","4","11417","1663","144","140","0","0","3266","2789","85.39","14.57","32.29","15.98","149.09","614436"
"history","9","68865","1","41210","4696","863","855","9","0","11405","9582","84.02","11.4","114.28","50.46","419.54","602583"
"history","10","130003","-5","80971","11648","1941","1921","63","0","24072","21007","87.27","14.39","216.06","88.21","225.4","601686"
"history","11","277840","5","174400","25656","4567","4528","281","0","49026","43224","88.17","14.71","476.91","214.52","718.04","582585"
"history","12","545698","-5","354321","57395","11025","10872","1022","0","115243","104039","90.28","16.2","957.15","415.6","1024.73","570127"
"history","13","1067754","14","690415","119168","20443","20205","3937","0","203195","184570","90.83","17.26","1896.91","844.83","2625.33","562891"
"history","14","2036358","-3","1374060","250692","47458","47023","15088","0","461132","425618","92.3","18.24","3707.77","1613.66","3779.08","549214"
"history","15","5128270","15","3437433","594043","137599","136574","96424","0","1043292","961906","92.2","17.28","8447.4","4013.24","16134.08","607082"
