position,phase,dark_bits,light_bits,king_bits,dark_turn,draw_counter,repeated_history,duplicate_of
1,captures,a055aa,55aa402010000000,0,1,0,0,0
2,captures,800a015aa,55aa400010000000,0,0,2,0,0
3,middle,800a0152a,55a8410000000000,0,1,1,0,0
4,middle,81082142a,54aa410000000000,0,0,4,0,0
5,middle,85002142a,54a2440200000000,0,1,7,0,0
6,middle,851001528,54a2440004000000,0,0,10,0,0
7,captures,851081128,50aa048004000000,0,1,13,0,0
8,middle,a51000128,50aa040000000000,0,0,0,0,0
9,middle,851000128,40a2140000000000,0,1,0,0,0
10,middle,51005100,40a2040004000000,0,0,1,0,0
11,middle,51801100,4082048004000000,0,1,4,0,0
12,middle,2011a00100,a2048004000000,0,0,7,0,0
13,middle,11a00100,80058804000000,0,1,0,0,0
14,middle,2011200100,80058800080000,0,0,3,0,0
15,middle,1200100,58800080400,0,1,0,0,0
16,middle,1020000,58000280400,0,0,1,0,0
17,middle,1000000,180002a0400,0,1,0,0,0
18,opening,aa54aa,55aa402201000000,0,1,2,0,0
19,opening,42854aa,55aa400201800000,0,0,1,0,0
20,opening,440854aa,54aa410201800000,0,1,4,0,0
21,opening,80042814aa,54a2510201800000,0,0,7,0,0
22,opening,80042815a8,54a0152201800000,0,1,10,0,0
23,opening,8014085528,44a8152201800000,0,0,13,0,0
24,opening,8014281528,4428550241800000,0,1,16,0,0
25,captures,80142a5408,402a550241800000,0,0,19,0,0
26,kings,80040a1408,402a510241004020,20,1,0,0,0
27,kings,80042a0400,402a510201004020,20,0,0,0,0
28,kings,8000280400,402a4102010001a0,a0,1,0,0,0
29,captures,8004200000,402a4102000005a0,a0,0,1,0,0
30,kings,8040000000,40225100000805a0,a0,1,2,0,0
31,captures,8855aa,558a410200020000,0,1,0,0,0
32,opening,440854aa,45aa410200000000,0,0,2,0,0
33,opening,80040854aa,41aa450200000000,0,1,5,0,0
34,opening,80040a54a2,41aa450001000000,0,0,8,0,0
35,captures,80042a14a2,41aa012801000000,0,1,11,0,0
36,captures,4000080400a14a2,4182112001000000,400000000000000,0,2,0,0
37,kings,4000080000a15a0,1a2110001800000,400000000000000,1,2,0,0
38,kings,10000080000a15a0,1a2012001800000,1000000000000000,0,5,0,0
39,middle,80000a15a0,102012041800000,0,1,0,0,0
40,middle,1080040205a0,102010001800000,0,0,0,0,0
41,captures,1080000205a0,100040005800000,0,1,0,0,0
42,middle,108000001580,40001800000,0,0,1,0,0
43,captures,108004001480,40000004000,0,1,1,0,0
44,opening,500255aa,55aa500001000000,0,1,0,0,0
45,opening,8400055aa,55aa400001000000,0,0,0,0,0
46,captures,8400051aa,55a2440000000400,0,1,0,0,0
47,middle,80000251a2,55a2400010000000,0,0,1,0,0
48,middle,80000255a0,51a2440010000000,0,1,4,0,0
49,middle,80012045a0,51a2042010000000,0,0,7,0,0
50,captures,80010045a0,5182402010000000,0,1,0,0,0
51,captures,41021480,180542010000000,0,0,7,0,0
52,kings,8000001000080,180400000800008,8,0,0,0,0
53,captures,1000000001000080,180400000005000,1000000000001000,1,1,0,0
54,kings,8000001000000,180400040000000,8000040000000,0,1,0,0
55,kings,1000000001000000,180400040000000,1000000040000000,1,4,1,0
56,kings,1000000001000000,180408000000000,1000008000000000,0,7,1,0
57,kings,20000001000000,80448000000000,20008000000000,1,10,1,0
58,endgame,4000040000000000,80408000000000,4000008000000000,0,0,0,0
59,endgame,20040000000000,80002040000000,20000040000000,1,3,0,0
60,endgame,1002000000000000,80000050000000,1000000040000000,0,6,0,0
61,endgame,22000000000000,80000040004000,20000040000000,1,9,0,0
62,endgame,1100000000000000,80000040000080,1100000040000080,0,1,0,0
63,endgame,1002000000000000,400000800080,1002000000800080,1,4,0,0
64,endgame,1002000000000000,8000800080,1002000000800080,0,7,0,0
65,endgame,1100000000000000,40004080,1100000000004080,1,10,0,0
66,endgame,1100000000000000,204080,1100000000004080,0,13,0,0
67,endgame,1002000000000000,801080,1002000000800080,1,16,0,0
68,endgame,1002000000000000,8000a0,10020000008000a0,0,1,0,0
69,endgame,1000040000000000,805000,1000040000805000,1,4,0,0
70,endgame,20000800000000,884000,20000800884000,0,7,0,0
71,endgame,100800000000,a01000,100800a01000,1,10,0,0
72,endgame,100800000000,a80000,100800a80000,0,13,1,0
73,endgame,100000000000,240200000,100240200000,1,0,0,0
74,endgame,1000000000000000,240004000,1000000240004000,0,3,0,0
75,endgame,20000000000000,100200004000,20100200004000,1,6,0,0
76,endgame,20000,4000,24000,0,0,0,0
77,endgame,1000000,4000,1004000,1,3,0,0
78,captures,48855aa,55a8450240000000,0,1,0,0,0
79,captures,20040055aa,55a8050200000000,0,0,0,0,0
80,captures,420008011aa,5588410000000000,0,0,0,0,0
81,captures,801804402,4002052000000000,0,0,0,0,0
82,captures,1804002,4002012000000400,0,1,0,0,0
83,kings,4000000001800000,48000000400,4000000000000000,0,0,0,0
84,kings,20000001800000,48000000400,20000000000400,1,2,0,0
85,kings,20000001800000,48000080000,20000000080000,0,5,0,0
86,captures,100001800000,40050000000,100010000000,1,8,0,0
87,opening,40a2552a,5588158200000000,0,0,1,0,0
88,kings,400040004020502a,1122148004000000,4000000000000000,0,2,0,0
89,kings,500000205422,1102008804800000,100000000000,0,2,0,0
90,kings,100a10000520,102008000800000,100000000000,0,2,0,0
91,kings,100a10001500,100010040800000,100000000000,1,5,0,0
92,kings,140010081100,100000044800000,100000000000,0,1,0,0
93,kings,100100804081000,40004000,100100000000000,0,2,0,0
94,opening,10010a211aa,55aa400200000000,0,0,2,0,0
95,opening,10010a215a2,5588540200000000,0,1,5,0,0
96,opening,10011a811a2,5588540004000000,0,0,8,0,0
97,opening,10211a011a2,548a440800000000,0,1,1,0,0
98,opening,10211a05520,14aa440800000000,0,0,4,0,0
99,opening,11a845aa,55aa440204000000,0,1,6,0,0
100,opening,11aa418a,55aa440200000000,0,0,0,0,0
