opening,turns,pieces,kings,phase,draw_counter,repeated_history,dark_bits,light_bits,king_bits,dark_turn
1,8,22,0,opening,2,0,40a215aa,558a018a00000000,0,1
2,8,23,0,opening,2,0,508215aa,55aa018200200000,0,1
3,8,20,0,opening,0,0,8255aa,5582412800000000,0,1
4,8,23,0,opening,2,0,48855aa,558a11a001000000,0,1
5,8,22,0,opening,4,0,4a851aa,55a0152200000000,0,1
6,8,21,0,opening,1,0,800000000a55aa,550a458000000000,0,1
7,8,20,0,opening,1,0,48854aa,55a8410001000000,0,1
8,8,20,0,opening,1,0,400a45aa,550a550000000000,0,1
9,8,24,0,opening,8,0,80402a45aa,51aa152800000000,0,1
10,8,23,0,captures,0,0,40a8558a,55a2540200020000,0,1
11,8,20,0,opening,0,0,8855aa,55a0412800000000,0,1
12,8,22,0,opening,2,0,418251aa,55aa040210000000,0,1
13,8,22,0,opening,2,0,100400855aa,55aa040800800000,0,1
14,8,24,0,captures,8,0,41aa11aa,552a518004000000,0,1
15,8,21,0,captures,0,0,8a15aa,15aa450000200000,0,1
16,8,23,0,captures,5,0,10001a851aa,55aa048010000000,0,1
17,8,20,0,opening,1,0,408245aa,54aa510000000000,0,1
18,8,22,0,captures,0,0,100008a51aa,558a540000200000,0,1
19,8,22,0,captures,0,0,100255aa,552a510001200000,0,1
20,8,21,0,captures,0,0,8255aa,45aa410204000000,0,1
21,16,17,1,kings,0,0,402050a,51aa540000200000,200000,1
22,16,18,0,middle,2,0,2241aa,51a8400a00800000,0,1
23,16,19,0,middle,2,0,100040045aa,55a0048010800000,0,1
24,16,17,1,kings,0,0,10051a8,55a8040004000002,2,1
25,16,17,0,middle,2,0,100400045aa,15a2040800000000,0,1
26,16,18,1,kings,2,0,80008051a8,51a8500800000002,2,1
27,16,20,0,captures,4,0,20402055a2,51aa008210000000,0,1
28,16,20,0,opening,0,0,88008055a8,55a8000214000000,0,1
29,16,18,0,captures,0,0,110011aa,51aa040000880000,0,1
30,16,18,0,middle,0,0,80108041aa,5582100005000000,0,1
31,16,19,0,middle,1,0,8000201002558a,452a010200000000,0,1
32,16,17,0,middle,0,0,8000045aa,5582010050000000,0,1
33,16,17,0,middle,1,0,1a040aa,5508508000000100,0,1
34,16,16,0,middle,2,0,a201aa,5182400a00000000,0,1
35,16,18,0,middle,1,0,1488118a,512a418000000000,0,1
36,16,18,0,captures,1,0,204080158a,51a2110200000000,0,1
37,16,16,0,captures,0,0,a045a8,5582000210000000,0,1
38,16,18,0,middle,1,0,5002158a,4588510200000000,0,1
39,16,19,0,middle,2,0,80502211a2,45a2440800000000,0,1
40,16,21,0,opening,0,0,112a40aa,4588540a00000100,0,1
41,24,16,1,kings,8,0,400000004085588,4082052010000000,400000000000000,1
42,24,15,0,middle,2,0,8000a004a8,5a2010800000100,0,1
43,24,16,0,middle,3,0,800002058a,4522010801800000,0,1
44,24,15,0,captures,6,0,80000001825188,410a010040000000,0,1
45,24,13,1,kings,0,0,804182,5502008004000020,20,1
46,24,13,0,middle,0,0,85188,1582002040000000,0,1
47,24,15,0,captures,1,0,80048a0180,148a510000000000,0,1
48,24,9,0,middle,0,0,41a2,502000000800000,0,1
49,24,14,0,middle,0,0,108018a,5500058040000000,0,1
50,24,17,0,captures,1,0,80012041a2,5a8500010800000,0,1
51,24,15,0,middle,1,0,100000844a2,448a102001000000,0,1
52,24,13,1,kings,2,0,400000001005582,5080042000000000,400000000000000,1
53,24,16,1,captures,1,0,10000020018001aa,58a000204000000,1000000000000000,1
54,24,14,0,middle,3,0,11804102,550a400000001000,0,1
55,24,16,0,middle,0,0,24102108a,448a440000200000,0,1
56,24,12,0,middle,2,0,100552a,400052000000000,0,1
57,24,13,0,captures,0,0,801422,4588040040000100,0,1
58,24,12,0,middle,1,0,2045a0,580410001000000,0,1
59,24,16,0,middle,0,0,10200a01122,15a2400004000000,0,1
60,24,12,0,middle,6,0,402201a8,120408800000000,0,1
61,32,11,1,kings,0,0,5028,180110810000100,100,1
62,32,9,0,middle,2,0,10000580,182100001000000,0,1
63,32,12,0,captures,4,0,8000080402,582400801001000,0,1
64,32,9,1,captures,1,0,20010000020528,2000001000000,10000000000,1
65,32,12,1,kings,2,0,4020500,528410000005000,1000,1
66,32,11,2,kings,1,0,4000040000205002,1180000004000008,4000000000000008,1
67,32,10,0,middle,2,0,20000,41aa410000001000,0,1
68,32,9,1,kings,0,0,800002,5028040000200100,200000,1
69,32,11,0,captures,4,0,41000088,1120450000000400,0,1
70,32,12,0,middle,2,0,10200a001a0,4100508000000000,0,1
71,32,13,1,kings,0,0,54000082,5402018001000008,8,1
72,32,11,1,kings,4,0,24500,1a2000804000008,8,1
73,32,14,1,kings,1,0,1000418000024508,580100040000000,1000000000000000,1
74,32,12,0,captures,1,0,20000000a00502,4500110000020000,0,1
75,32,12,0,middle,3,0,8000884480,10a0402010000000,0,1
76,32,9,0,middle,1,0,11000080008a,500040000000000,0,1
77,32,11,1,captures,3,0,1080000004280180,4400008200000000,1000000000000000,1
78,32,13,0,captures,2,0,8002004a8,108052001800000,0,1
79,32,12,1,kings,0,0,10800080002201a0,4100010800000000,1000000000000000,1
80,32,12,1,kings,1,0,1024100,4582140200000000,4000000000000000,1
81,40,6,0,middle,1,0,40000001000,4100400000004000,0,1
82,40,8,1,kings,0,0,180,5000010800200008,8,1
83,40,9,1,kings,3,0,4000000000a0480,80000841000000,400000000000000,1
84,40,7,1,kings,2,0,8000020000,480050000004000,4000,1
85,40,8,0,captures,6,0,40000200580,2002800000000,0,1
86,40,7,1,kings,3,0,1000008002000a0,a000000000,100000000000000,1
87,40,9,0,captures,1,0,88000000024080,4002010000200000,0,1
88,40,7,1,kings,1,0,400000800820002,80008000000000,400000000000000,1
89,40,9,0,middle,6,0,4804100,a440010000000,0,1
90,40,12,0,captures,3,0,20000041220002,108100004004100,0,1
91,40,7,1,kings,0,0,200000,10a000000800102,2,1
92,40,9,0,middle,1,0,42000081100,180010001000000,0,1
93,40,6,0,middle,0,0,8000000004080,80002001000000,0,1
94,40,8,0,middle,0,0,40280020,400018800000000,0,1
95,40,7,1,kings,0,0,82,2040004000108,8,1
96,40,10,2,kings,0,0,10010000000,4482048200000008,200000008,1
97,40,13,1,kings,3,0,a00080002840a0,2110801000000,20000000000000,1
98,40,7,1,captures,1,0,4000002000220008,400200000000,4000000000000000,1
99,40,10,2,kings,0,0,18201200080,1000100004000020,10000000020,1
100,40,9,1,kings,6,0,10280080,80110200004000,4000,1
