position,phase,stage,depth,pieces,kings,root_moves,capture,draw_counter,score,nodes,time_ms,tt_probes,tt_matches,tt_hits,tt_cutoffs,egtb_hits,beta_cutoffs,first_move_cutoffs,ratio_vs_tt
1,captures,tt,8,21,0,1,1,0,-75,7883,9.182500,5032,867,223,147,0,1145,901,1.000000
2,captures,tt,8,20,0,1,1,2,78,3890,5.930900,2674,354,33,22,0,635,477,1.000000
3,middle,tt,8,18,0,10,0,1,-71,119884,142.569800,79588,6486,1617,1613,0,22378,15527,1.000000
4,middle,tt,8,18,0,7,0,4,37,28736,33.606200,20654,2281,193,193,0,5856,4963,1.000000
5,middle,tt,8,18,0,11,0,7,7,26414,47.227100,19364,3016,413,413,0,6827,6144,1.000000
6,middle,tt,8,18,0,9,0,10,30,17209,19.046200,12122,1872,139,136,2,4470,4166,1.000000
7,captures,tt,8,18,0,1,1,13,106,596,0.615200,412,72,1,1,0,86,68,1.000000
8,middle,tt,8,15,0,5,0,0,-129,4645,3.688400,3618,699,156,104,0,1043,934,1.000000
9,middle,tt,8,13,0,9,0,0,65,21761,22.454800,17663,3488,881,767,2,6131,5534,1.000000
10,middle,tt,8,12,0,8,0,1,18,28071,35.945700,22829,3840,877,766,17,7705,6907,1.000000
11,middle,tt,8,12,0,7,0,4,-144,10075,10.711800,8705,1705,384,300,8,2960,2766,1.000000
12,middle,tt,8,12,0,9,0,7,108,8423,8.574800,7189,2077,529,398,1,2610,2431,1.000000
13,middle,tt,8,11,0,5,0,0,-182,7256,9.415100,6227,1271,377,276,1,1815,1573,1.000000
14,middle,tt,8,11,0,7,0,3,211,10171,17.231800,8523,1444,295,280,0,2766,2325,1.000000
15,middle,tt,8,9,0,4,0,0,-250,2401,3.739900,2214,462,33,33,13,622,622,1.000000
16,middle,tt,8,8,0,9,0,1,295,5265,6.428300,4955,1445,237,237,0,1755,1755,1.000000
17,middle,tt,8,7,0,1,0,0,-298,16,0.024900,23,13,0,0,0,0,0,1.000000
18,opening,tt,8,23,0,7,0,2,-42,7905,5.298000,5242,853,16,6,0,1531,1231,1.000000
19,opening,tt,8,22,0,8,0,1,193,28249,37.697200,19838,2814,367,366,0,6300,5167,1.000000
20,opening,tt,8,22,0,8,0,4,-212,20262,26.155700,13149,1900,163,160,0,3853,3180,1.000000
21,opening,tt,8,22,0,8,0,7,190,26914,25.569600,18801,2563,467,459,0,6382,5508,1.000000
22,opening,tt,8,22,0,9,0,10,-228,13017,12.061900,8694,1515,110,101,0,2798,2497,1.000000
23,opening,tt,8,22,0,7,0,13,186,8102,9.476200,5697,1494,125,125,0,2192,2104,1.000000
24,opening,tt,8,22,0,6,0,16,-176,2841,4.365200,2033,554,27,27,0,795,773,1.000000
25,captures,tt,8,22,0,1,1,19,250,591,1.047500,466,177,5,5,0,174,173,1.000000
26,kings,tt,8,19,1,3,0,0,-250,954,1.398200,792,237,0,0,0,279,275,1.000000
27,kings,tt,8,17,1,8,0,0,250,7315,9.125900,6237,2038,282,278,0,2395,2366,1.000000
28,kings,tt,8,15,2,5,0,0,-250,1770,2.316600,1563,412,35,35,0,487,479,1.000000
29,captures,tt,8,14,2,1,1,1,295,2925,1.673300,2577,625,14,14,0,881,879,1.000000
30,kings,tt,8,13,2,1,0,2,-298,36,0.034600,41,22,0,0,0,6,6,1.000000
31,captures,tt,8,21,0,2,1,0,14,39440,29.784900,27201,2056,467,350,0,5928,3204,1.000000
32,opening,tt,8,20,0,7,0,2,-64,41083,38.573900,28068,2267,421,393,0,7650,5544,1.000000
33,opening,tt,8,20,0,7,0,5,100,18052,21.857000,12394,1838,244,233,0,4048,3285,1.000000
34,opening,tt,8,20,0,6,0,8,-69,18471,19.562200,13792,2256,349,320,0,4580,3981,1.000000
35,captures,tt,8,20,0,1,1,11,225,16274,14.203500,11522,1029,101,98,0,3116,2329,1.000000
36,captures,tt,8,18,1,1,1,2,-230,16813,19.459300,11684,1317,153,147,0,2576,1940,1.000000
37,kings,tt,8,17,1,8,0,2,228,26453,31.834700,19641,2538,407,401,0,6064,5254,1.000000
38,kings,tt,8,17,1,8,0,5,-228,17284,19.883700,13005,1596,226,218,0,4061,3274,1.000000
39,middle,tt,8,15,0,7,0,0,228,8217,9.240900,6476,1210,114,108,0,2290,2068,1.000000
40,middle,tt,8,13,0,3,0,0,-250,2681,2.433900,2227,531,36,36,0,615,613,1.000000
41,captures,tt,8,12,0,1,1,0,250,1726,1.898500,1474,232,22,22,1,558,527,1.000000
42,middle,tt,8,9,0,4,0,1,-292,4110,4.952800,3418,763,80,74,126,967,882,1.000000
43,captures,tt,8,8,0,1,1,1,297,55,0.153000,55,31,0,0,11,5,5,1.000000
44,opening,tt,8,22,0,10,0,0,-37,21527,55.209100,13881,1728,80,80,0,3756,2900,1.000000
45,opening,tt,8,20,0,8,0,0,23,47190,71.918900,28105,1712,346,345,0,7326,5304,1.000000
46,captures,tt,8,19,0,2,1,0,-195,6737,39.237100,4600,427,12,12,0,1147,760,1.000000
47,middle,tt,8,17,0,8,0,1,184,37649,53.194000,26867,2290,202,197,0,7526,5577,1.000000
48,middle,tt,8,17,0,7,0,4,-184,46790,64.226900,31522,3218,432,427,0,8276,6212,1.000000
49,middle,tt,8,17,0,9,0,7,200,17338,27.226000,11635,1628,89,89,1,3499,2901,1.000000
50,captures,tt,8,15,0,1,1,0,-172,6270,7.660500,4590,482,40,23,0,1201,885,1.000000
51,captures,tt,8,13,0,1,1,7,228,5241,7.230000,4230,560,66,65,0,1397,1180,1.000000
52,kings,tt,8,8,1,6,0,0,250,5328,7.225900,4668,1076,64,61,82,1555,1397,1.000000
53,captures,tt,8,8,2,1,1,1,-299,989,1.283000,834,136,0,0,162,170,128,1.000000
54,kings,tt,8,6,2,7,0,1,299,6293,112.570900,5022,1098,1,1,1281,1998,1973,1.000000
55,kings,tt,8,6,2,3,0,4,-299,3207,13.526100,2765,618,0,0,445,774,732,1.000000
56,kings,tt,8,6,2,3,0,7,299,1432,2.154600,1187,279,4,4,263,456,435,1.000000
57,kings,tt,8,6,2,4,0,10,-299,428,91.455800,394,116,0,0,42,101,100,1.000000
58,endgame,tt,8,5,2,2,0,0,292,16,0.053600,8,7,0,0,16,0,0,1.000000
59,endgame,tt,8,5,2,6,0,3,-293,48,0.203400,8,7,0,0,48,0,0,1.000000
60,endgame,tt,8,5,2,7,0,6,296,56,0.135500,8,7,0,0,56,0,0,1.000000
61,endgame,tt,8,5,2,6,0,9,-299,48,0.218700,8,7,0,0,48,0,0,1.000000
62,endgame,tt,8,5,4,6,0,1,288,48,0.051000,8,7,0,0,48,0,0,1.000000
63,endgame,tt,8,5,4,6,0,4,-291,48,0.117400,8,7,0,0,48,0,0,1.000000
64,endgame,tt,8,5,4,4,0,7,294,32,0.052300,8,7,0,0,32,0,0,1.000000
65,endgame,tt,8,5,4,3,0,10,-295,24,0.067400,8,7,0,0,24,0,0,1.000000
66,endgame,tt,8,5,4,3,0,13,298,24,0.081900,8,7,0,0,24,0,0,1.000000
67,endgame,tt,8,5,4,6,0,16,-299,48,0.087300,8,7,0,0,48,0,0,1.000000
68,endgame,tt,8,5,5,5,0,1,267,40,0.134700,8,7,0,0,40,0,0,1.000000
69,endgame,tt,8,5,5,6,0,4,-270,48,0.216800,8,7,0,0,48,0,0,1.000000
70,endgame,tt,8,5,5,8,0,7,273,64,0.115800,8,7,0,0,64,0,0,1.000000
71,endgame,tt,8,5,5,6,0,10,-272,48,0.184900,8,7,0,0,48,0,0,1.000000
72,endgame,tt,8,5,5,10,0,13,250,46518,201.708400,44065,2611,122,122,2707,12445,7444,1.000000
73,endgame,tt,8,4,4,4,0,0,-294,32,0.066800,8,7,0,0,32,0,0,1.000000
74,endgame,tt,8,4,4,12,0,3,297,96,0.168300,8,7,0,0,96,0,0,1.000000
75,endgame,tt,8,4,4,1,1,6,-299,8,0.075500,8,7,0,0,8,0,0,1.000000
76,endgame,tt,8,2,2,4,0,0,0,32,0.085900,8,7,0,0,32,0,0,1.000000
77,endgame,tt,8,2,2,2,0,3,0,277,0.706200,250,73,0,0,13,90,79,1.000000
78,captures,tt,8,23,0,1,1,0,-62,447,0.469500,318,61,22,6,0,69,54,1.000000
79,captures,tt,8,20,0,1,1,0,16,12323,18.731400,8717,754,59,53,0,2415,1905,1.000000
80,captures,tt,8,17,0,2,1,0,34,10386,15.174400,7605,880,65,65,0,1680,1207,1.000000
81,captures,tt,8,11,0,1,1,0,47,3201,3.819000,2752,572,42,42,21,935,859,1.000000
82,captures,tt,8,9,0,1,1,0,-30,2417,3.048700,2014,576,129,96,151,680,640,1.000000
83,kings,tt,8,6,1,5,0,0,-22,5514,123.582200,4415,733,284,168,1120,1318,754,1.000000
84,kings,tt,8,6,2,6,0,2,-20,9467,16.765500,7247,645,4,4,2237,2217,1200,1.000000
85,kings,tt,8,6,2,7,0,5,0,16011,22.656800,12557,1655,649,398,3454,3595,1710,1.000000
86,captures,tt,8,6,2,1,1,8,0,8,0.055700,8,7,0,0,8,0,0,1.000000
87,opening,tt,8,22,0,10,0,1,-9,16485,28.290700,11178,1352,48,46,0,3809,3286,1.000000
88,kings,tt,8,17,1,8,0,2,-228,13545,22.965600,9568,1234,61,61,0,3057,2504,1.000000
89,kings,tt,8,15,1,8,0,2,-250,12429,22.150400,9554,1693,155,155,0,2848,2490,1.000000
90,kings,tt,8,11,1,4,0,2,-250,7324,14.165600,6148,1082,46,45,25,1500,1409,1.000000
91,kings,tt,8,11,1,11,0,5,250,14342,29.977400,12508,2511,329,329,41,4663,4636,1.000000
92,kings,tt,8,10,1,4,0,1,-250,1838,3.370400,1608,253,19,19,20,439,313,1.000000
93,kings,tt,8,8,2,4,0,2,-250,14712,26.059000,13812,1987,548,518,367,2544,2449,1.000000
94,opening,tt,8,21,0,8,0,2,-116,54772,96.707200,36779,3493,416,413,0,9799,7324,1.000000
95,opening,tt,8,21,0,11,0,5,111,69968,109.056600,44819,5062,879,860,0,12122,9695,1.000000
96,opening,tt,8,21,0,11,0,8,-164,19117,25.523300,14124,2007,240,239,0,4546,3865,1.000000
97,opening,tt,8,20,0,8,0,1,223,20870,207.030200,13483,2165,324,321,0,4504,3740,1.000000
98,opening,tt,8,20,0,5,0,4,-179,7238,16.578200,4906,1008,86,79,0,1579,1394,1.000000
99,opening,tt,8,24,0,8,0,6,29,7790,16.804400,3930,695,3,3,0,1193,1013,1.000000
100,opening,tt,8,22,0,7,0,0,29,23108,56.752400,14500,1990,226,226,0,4634,3743,1.000000
1,captures,tactical,8,21,0,1,1,0,-75,7883,23.901400,5032,867,223,147,0,1145,901,1.000000
2,captures,tactical,8,20,0,1,1,2,78,3890,11.320800,2674,354,33,22,0,635,477,1.000000
3,middle,tactical,8,18,0,10,0,1,-71,119864,307.026800,79603,6486,1617,1613,0,22378,15528,1.000167
4,middle,tactical,8,18,0,7,0,4,37,29231,229.193300,21081,2320,198,198,0,6017,5131,0.983066
5,middle,tactical,8,18,0,11,0,7,7,26393,83.203500,19435,3016,414,414,0,6832,6150,1.000796
6,middle,tactical,8,18,0,9,0,10,30,17693,70.315000,12465,1897,161,158,2,4621,4333,0.972645
7,captures,tactical,8,18,0,1,1,13,106,611,1.346100,397,68,1,1,0,79,61,0.975450
8,middle,tactical,8,15,0,5,0,0,-129,4503,6.708800,3405,668,169,110,0,946,846,1.031535
9,middle,tactical,8,13,0,9,0,0,65,21755,30.288200,17641,3487,880,766,2,6121,5524,1.000276
10,middle,tactical,8,12,0,8,0,1,18,28002,54.513700,22837,3832,869,761,17,7720,6949,1.002464
11,middle,tactical,8,12,0,7,0,4,-144,10096,21.235900,8716,1688,367,291,8,2958,2769,0.997920
12,middle,tactical,8,12,0,9,0,7,108,8079,12.541600,7037,2026,472,373,1,2619,2515,1.042580
13,middle,tactical,8,11,0,5,0,0,-182,7297,15.565400,6262,1294,385,286,1,1820,1606,0.994381
14,middle,tactical,8,11,0,7,0,3,211,9820,20.066000,8285,1436,300,283,0,2725,2357,1.035743
15,middle,tactical,8,9,0,4,0,0,-250,2345,3.512800,2158,472,43,43,16,622,622,1.023881
16,middle,tactical,8,8,0,9,0,1,295,5265,9.123400,4955,1445,237,237,0,1755,1755,1.000000
17,middle,tactical,8,7,0,1,0,0,-298,16,0.070700,23,13,0,0,0,0,0,1.000000
18,opening,tactical,8,23,0,7,0,2,-42,7905,15.892800,5242,853,16,6,0,1531,1231,1.000000
19,opening,tactical,8,22,0,8,0,1,193,28191,52.690900,19838,2814,367,366,0,6300,5167,1.002057
20,opening,tactical,8,22,0,8,0,4,-212,20244,40.454000,13157,1900,163,160,0,3855,3192,1.000889
21,opening,tactical,8,22,0,8,0,7,190,26893,125.445400,18799,2563,467,459,0,6382,5511,1.000781
22,opening,tactical,8,22,0,9,0,10,-228,12982,18.762200,8689,1516,112,103,0,2797,2498,1.002696
23,opening,tactical,8,22,0,7,0,13,186,8187,16.101200,5811,1505,117,117,0,2252,2171,0.989618
24,opening,tactical,8,22,0,6,0,16,-176,2827,5.466500,2031,554,27,27,0,795,774,1.004952
25,captures,tactical,8,22,0,1,1,19,250,591,0.566700,466,177,5,5,0,174,173,1.000000
26,kings,tactical,8,19,1,3,0,0,-250,952,2.121600,792,237,0,0,0,279,275,1.002101
27,kings,tactical,8,17,1,8,0,0,250,7433,12.368700,6379,2042,284,280,0,2453,2423,0.984125
28,kings,tactical,8,15,2,5,0,0,-250,1977,3.367100,1665,412,35,35,0,488,480,0.895296
29,captures,tactical,8,14,2,1,1,1,295,3518,6.218200,3066,653,42,42,0,1087,1085,0.831438
30,kings,tactical,8,13,2,1,0,2,-298,36,0.127900,41,22,0,0,0,6,6,1.000000
31,captures,tactical,8,21,0,2,1,0,14,39436,96.395300,27201,2056,467,350,0,5928,3204,1.000101
32,opening,tactical,8,20,0,7,0,2,-64,41021,71.808500,28054,2269,426,398,0,7662,5594,1.001511
33,opening,tactical,8,20,0,7,0,5,100,18222,25.074500,12502,1845,240,229,0,4062,3301,0.990671
34,opening,tactical,8,20,0,6,0,8,-69,18729,36.007500,14041,2299,360,331,0,4708,4134,0.986225
35,captures,tactical,8,20,0,1,1,11,225,16250,119.005200,11512,1029,101,98,0,3108,2322,1.001477
36,captures,tactical,8,18,1,1,1,2,-230,16848,28.644200,11718,1311,148,145,0,2589,1958,0.997923
37,kings,tactical,8,17,1,8,0,2,228,26379,113.489800,19698,2550,421,412,0,6074,5244,1.002805
38,kings,tactical,8,17,1,8,0,5,-228,16664,32.354000,12611,1603,238,230,0,3987,3282,1.037206
39,middle,tactical,8,15,0,7,0,0,228,8575,12.794400,6855,1262,124,118,0,2450,2254,0.958251
40,middle,tactical,8,13,0,3,0,0,-250,2681,5.948100,2227,531,36,36,0,615,613,1.000000
41,captures,tactical,8,12,0,1,1,0,250,1725,3.699500,1473,232,22,22,1,558,527,1.000580
42,middle,tactical,8,9,0,4,0,1,-292,4087,7.462600,3393,763,81,74,128,960,881,1.005628
43,captures,tactical,8,8,0,1,1,1,297,55,0.192100,55,31,0,0,11,5,5,1.000000
44,opening,tactical,8,22,0,10,0,0,-37,21525,32.299400,13881,1728,80,80,0,3756,2900,1.000093
45,opening,tactical,8,20,0,8,0,0,23,47135,73.252300,28099,1712,346,345,0,7326,5310,1.001167
46,captures,tactical,8,19,0,2,1,0,-195,6741,11.326000,4600,427,12,12,0,1147,760,0.999407
47,middle,tactical,8,17,0,8,0,1,184,37847,59.718800,27020,2290,202,197,0,7577,5628,0.994768
48,middle,tactical,8,17,0,7,0,4,-184,46851,68.371700,31581,3218,432,427,0,8273,6212,0.998698
49,middle,tactical,8,17,0,9,0,7,200,17491,31.870800,11701,1627,92,92,1,3519,2918,0.991253
50,captures,tactical,8,15,0,1,1,0,-172,6284,12.414300,4592,479,40,23,0,1193,875,0.997772
51,captures,tactical,8,13,0,1,1,7,228,5180,10.755500,4211,560,66,65,0,1396,1198,1.011776
52,kings,tactical,8,8,1,6,0,0,250,5457,7.991700,4779,1123,87,84,74,1588,1437,0.976361
53,captures,tactical,8,8,2,1,1,1,-299,989,1.543700,834,136,0,0,162,170,128,1.000000
54,kings,tactical,8,6,2,7,0,1,299,6293,10.326200,5022,1098,1,1,1281,1998,1973,1.000000
55,kings,tactical,8,6,2,3,0,4,-299,3207,5.813300,2765,618,0,0,445,774,732,1.000000
56,kings,tactical,8,6,2,3,0,7,299,1432,2.232200,1187,279,4,4,263,456,435,1.000000
57,kings,tactical,8,6,2,4,0,10,-299,428,0.989300,394,116,0,0,42,101,100,1.000000
58,endgame,tactical,8,5,2,2,0,0,292,16,0.027100,8,7,0,0,16,0,0,1.000000
59,endgame,tactical,8,5,2,6,0,3,-293,48,0.135600,8,7,0,0,48,0,0,1.000000
60,endgame,tactical,8,5,2,7,0,6,296,56,0.097300,8,7,0,0,56,0,0,1.000000
61,endgame,tactical,8,5,2,6,0,9,-299,48,0.122600,8,7,0,0,48,0,0,1.000000
62,endgame,tactical,8,5,4,6,0,1,288,48,0.120900,8,7,0,0,48,0,0,1.000000
63,endgame,tactical,8,5,4,6,0,4,-291,48,0.176200,8,7,0,0,48,0,0,1.000000
64,endgame,tactical,8,5,4,4,0,7,294,32,0.091500,8,7,0,0,32,0,0,1.000000
65,endgame,tactical,8,5,4,3,0,10,-295,24,0.138300,8,7,0,0,24,0,0,1.000000
66,endgame,tactical,8,5,4,3,0,13,298,24,0.045200,8,7,0,0,24,0,0,1.000000
67,endgame,tactical,8,5,4,6,0,16,-299,48,0.239300,8,7,0,0,48,0,0,1.000000
68,endgame,tactical,8,5,5,5,0,1,267,40,0.122800,8,7,0,0,40,0,0,1.000000
69,endgame,tactical,8,5,5,6,0,4,-270,48,0.165300,8,7,0,0,48,0,0,1.000000
70,endgame,tactical,8,5,5,8,0,7,273,64,0.070100,8,7,0,0,64,0,0,1.000000
71,endgame,tactical,8,5,5,6,0,10,-272,48,0.224300,8,7,0,0,48,0,0,1.000000
72,endgame,tactical,8,5,5,10,0,13,250,46518,96.104100,44065,2611,122,122,2707,12445,7444,1.000000
73,endgame,tactical,8,4,4,4,0,0,-294,32,0.127600,8,7,0,0,32,0,0,1.000000
74,endgame,tactical,8,4,4,12,0,3,297,96,0.090000,8,7,0,0,96,0,0,1.000000
75,endgame,tactical,8,4,4,1,1,6,-299,8,0.035700,8,7,0,0,8,0,0,1.000000
76,endgame,tactical,8,2,2,4,0,0,0,32,0.045200,8,7,0,0,32,0,0,1.000000
77,endgame,tactical,8,2,2,2,0,3,0,277,0.853000,250,73,0,0,13,90,79,1.000000
78,captures,tactical,8,23,0,1,1,0,-62,447,0.708900,318,61,22,6,0,69,54,1.000000
79,captures,tactical,8,20,0,1,1,0,16,12312,17.703400,8717,754,59,53,0,2415,1905,1.000893
80,captures,tactical,8,17,0,2,1,0,34,10368,11.851700,7605,880,65,65,0,1680,1207,1.001736
81,captures,tactical,8,11,0,1,1,0,47,3198,5.420600,2749,571,42,42,21,933,857,1.000938
82,captures,tactical,8,9,0,1,1,0,-30,2419,3.125300,2015,576,129,96,152,680,640,0.999173
83,kings,tactical,8,6,1,5,0,0,-22,4741,9.869400,3790,657,236,143,969,1176,700,1.163046
84,kings,tactical,8,6,2,6,0,2,-20,9467,17.001700,7247,645,4,4,2237,2217,1200,1.000000
85,kings,tactical,8,6,2,7,0,5,0,15948,32.680600,12543,1655,649,398,3405,3595,1735,1.003950
86,captures,tactical,8,6,2,1,1,8,0,8,0.050200,8,7,0,0,8,0,0,1.000000
87,opening,tactical,8,22,0,10,0,1,-9,16504,25.401600,11184,1352,48,46,0,3815,3292,0.998849
88,kings,tactical,8,17,1,8,0,2,-228,13325,28.690700,9431,1233,61,61,0,3017,2480,1.016510
89,kings,tactical,8,15,1,8,0,2,-250,12657,28.521500,9711,1715,158,158,0,2884,2529,0.981986
90,kings,tactical,8,11,1,4,0,2,-250,7262,15.583000,6108,1069,40,39,25,1486,1397,1.008538
91,kings,tactical,8,11,1,11,0,5,250,14334,17.693200,12504,2511,329,329,41,4664,4637,1.000558
92,kings,tactical,8,10,1,4,0,1,-250,1818,3.346500,1593,253,19,19,20,439,317,1.011001
93,kings,tactical,8,8,2,4,0,2,-250,14694,30.888300,13797,1989,551,521,367,2541,2446,1.001225
94,opening,tactical,8,21,0,8,0,2,-116,54690,102.435500,36778,3493,416,413,0,9798,7323,1.001499
95,opening,tactical,8,21,0,11,0,5,111,70210,230.170900,45112,5069,890,871,0,12231,9808,0.996553
96,opening,tactical,8,21,0,11,0,8,-164,19401,79.156200,14355,2096,270,269,0,4646,3969,0.985362
97,opening,tactical,8,20,0,8,0,1,223,20781,214.089900,13498,2165,324,321,0,4505,3741,1.004283
98,opening,tactical,8,20,0,5,0,4,-179,7275,7.563200,4943,1008,86,79,0,1586,1401,0.994914
99,opening,tactical,8,24,0,8,0,6,29,7764,14.447700,3930,695,3,3,0,1193,1013,1.003349
100,opening,tactical,8,22,0,7,0,0,29,23108,49.986800,14519,1990,226,226,0,4644,3753,1.000000
1,captures,killers,8,21,0,1,1,0,-75,7366,14.374200,4933,835,193,125,0,1149,971,1.070187
2,captures,killers,8,20,0,1,1,2,78,3818,7.748900,2653,345,27,17,0,635,508,1.018858
3,middle,killers,8,18,0,10,0,1,-71,78641,166.467900,56848,5963,1249,1246,0,17917,14948,1.524447
4,middle,killers,8,18,0,7,0,4,37,22456,155.808100,16009,2011,113,113,0,4579,4026,1.279658
5,middle,killers,8,18,0,11,0,7,7,25222,142.981800,18154,2909,310,309,0,6493,6030,1.047260
6,middle,killers,8,18,0,9,0,10,30,16016,35.732900,11202,1923,158,157,0,4200,4013,1.074488
7,captures,killers,8,18,0,1,1,13,106,553,1.533000,361,67,1,1,0,71,55,1.077758
8,middle,killers,8,15,0,5,0,0,-129,4152,8.465200,3165,617,121,83,0,907,833,1.118738
9,middle,killers,8,13,0,9,0,0,65,22449,41.300200,18277,3458,902,747,1,6430,6025,0.969353
10,middle,killers,8,12,0,8,0,1,18,28852,60.584400,23764,4050,859,773,6,8252,7662,0.972931
11,middle,killers,8,12,0,7,0,4,-144,9625,18.730300,8362,1704,372,292,8,2866,2730,1.046753
12,middle,killers,8,12,0,9,0,7,108,7530,13.903500,6631,1901,389,317,0,2469,2392,1.118592
13,middle,killers,8,11,0,5,0,0,-182,6604,14.055200,5712,1159,293,226,1,1697,1542,1.098728
14,middle,killers,8,11,0,7,0,3,211,9412,16.297200,8027,1364,216,202,0,2656,2339,1.080642
15,middle,killers,8,9,0,4,0,0,-250,1798,3.793300,1653,408,36,36,10,508,508,1.335373
16,middle,killers,8,8,0,9,0,1,295,4561,7.160800,4251,1411,203,203,0,1543,1543,1.154352
17,middle,killers,8,7,0,1,0,0,-298,16,0.048900,23,13,0,0,0,0,0,1.000000
18,opening,killers,8,23,0,7,0,2,-42,8962,46.842400,6112,963,33,23,0,1899,1672,0.882058
19,opening,killers,8,22,0,8,0,1,193,25527,58.069800,19194,2719,335,335,0,6256,5835,1.106632
20,opening,killers,8,22,0,8,0,4,-212,19528,111.152400,12758,1913,138,138,0,3809,3342,1.037587
21,opening,killers,8,22,0,8,0,7,190,25271,69.364000,17357,2381,391,380,0,5837,5296,1.065015
22,opening,killers,8,22,0,9,0,10,-228,10711,39.751400,7431,1436,54,54,0,2629,2430,1.215293
23,opening,killers,8,22,0,7,0,13,186,8356,125.272500,5926,1442,77,77,0,2292,2208,0.969603
24,opening,killers,8,22,0,6,0,16,-176,2751,7.948400,1994,545,22,22,0,781,766,1.032715
25,captures,killers,8,22,0,1,1,19,250,591,1.166200,466,177,5,5,0,174,173,1.000000
26,kings,killers,8,19,1,3,0,0,-250,922,2.253600,773,237,0,0,0,277,272,1.034707
27,kings,killers,8,17,1,8,0,0,250,7843,170.060000,6544,2225,384,372,0,2443,2425,0.932679
28,kings,killers,8,15,2,5,0,0,-250,1394,3.077100,1264,387,35,35,0,423,418,1.269727
29,captures,killers,8,14,2,1,1,1,295,2883,8.378900,2424,509,48,48,0,895,893,1.014568
30,kings,killers,8,13,2,1,0,2,-298,36,0.054900,41,22,0,0,0,6,6,1.000000
31,captures,killers,8,21,0,2,1,0,14,29480,155.120900,20528,2018,450,327,0,4871,3648,1.337856
32,opening,killers,8,20,0,7,0,2,-64,33171,183.857400,22702,1884,384,360,0,6271,5157,1.238522
33,opening,killers,8,20,0,7,0,5,100,17084,78.223900,11801,1795,209,198,0,3900,3396,1.056661
34,opening,killers,8,20,0,6,0,8,-69,18529,36.910800,13715,2316,320,295,0,4539,4164,0.996870
35,captures,killers,8,20,0,1,1,11,225,14072,26.740700,10090,995,82,82,0,2858,2355,1.156481
36,captures,killers,8,18,1,1,1,2,-230,17397,36.736300,12168,1300,108,104,0,2692,2211,0.966431
37,kings,killers,8,17,1,8,0,2,228,29880,52.104600,22400,2877,456,446,0,7266,6560,0.885308
38,kings,killers,8,17,1,8,0,5,-228,16663,34.519300,12601,1603,201,199,0,3908,3386,1.037268
39,middle,killers,8,15,0,7,0,0,228,8159,16.399700,6601,1260,96,92,0,2387,2238,1.007109
40,middle,killers,8,13,0,3,0,0,-250,2791,4.129500,2232,498,26,26,0,569,567,0.960588
41,captures,killers,8,12,0,1,1,0,250,1864,4.165500,1634,283,29,29,1,583,571,0.925966
42,middle,killers,8,9,0,4,0,1,-292,3881,7.916000,3292,758,68,65,105,946,904,1.059005
43,captures,killers,8,8,0,1,1,1,297,55,0.131200,55,31,0,0,11,5,5,1.000000
44,opening,killers,8,22,0,10,0,0,-37,15992,29.835100,10631,1346,59,59,0,2909,2444,1.346111
45,opening,killers,8,20,0,8,0,0,23,36344,62.784800,22171,1707,237,237,0,5447,4535,1.298426
46,captures,killers,8,19,0,2,1,0,-195,7841,12.726000,5421,435,14,14,0,1384,1046,0.859202
47,middle,killers,8,17,0,8,0,1,184,38161,73.535400,27813,2320,250,242,0,8203,6698,0.986583
48,middle,killers,8,17,0,7,0,4,-184,43544,79.295000,29844,3005,393,383,0,7782,6268,1.074545
49,middle,killers,8,17,0,9,0,7,200,14770,28.187900,9940,1493,72,71,0,3097,2711,1.173866
50,captures,killers,8,15,0,1,1,0,-172,5234,8.955300,3986,493,49,35,0,1059,844,1.197937
51,captures,killers,8,13,0,1,1,7,228,5449,8.797600,4418,614,68,63,0,1498,1349,0.961828
52,kings,killers,8,8,1,6,0,0,250,5872,9.356500,5158,1096,68,65,73,1777,1692,0.907357
53,captures,killers,8,8,2,1,1,1,-299,949,2.301300,804,136,0,0,152,164,142,1.042150
54,kings,killers,8,6,2,7,0,1,299,5716,11.324800,4977,1105,1,1,750,1983,1969,1.100945
55,kings,killers,8,6,2,3,0,4,-299,3056,6.036300,2633,607,0,0,421,752,730,1.049411
56,kings,killers,8,6,2,3,0,7,299,1446,3.541000,1183,276,0,0,277,459,449,0.990318
57,kings,killers,8,6,2,4,0,10,-299,428,0.495200,394,116,0,0,42,101,100,1.000000
58,endgame,killers,8,5,2,2,0,0,292,16,0.025900,8,7,0,0,16,0,0,1.000000
59,endgame,killers,8,5,2,6,0,3,-293,48,0.133100,8,7,0,0,48,0,0,1.000000
60,endgame,killers,8,5,2,7,0,6,296,56,0.054700,8,7,0,0,56,0,0,1.000000
61,endgame,killers,8,5,2,6,0,9,-299,48,0.171600,8,7,0,0,48,0,0,1.000000
62,endgame,killers,8,5,4,6,0,1,288,48,0.091900,8,7,0,0,48,0,0,1.000000
63,endgame,killers,8,5,4,6,0,4,-291,48,0.119300,8,7,0,0,48,0,0,1.000000
64,endgame,killers,8,5,4,4,0,7,294,32,0.058200,8,7,0,0,32,0,0,1.000000
65,endgame,killers,8,5,4,3,0,10,-295,24,0.048400,8,7,0,0,24,0,0,1.000000
66,endgame,killers,8,5,4,3,0,13,298,24,0.091700,8,7,0,0,24,0,0,1.000000
67,endgame,killers,8,5,4,6,0,16,-299,48,0.202600,8,7,0,0,48,0,0,1.000000
68,endgame,killers,8,5,5,5,0,1,267,40,0.058100,8,7,0,0,40,0,0,1.000000
69,endgame,killers,8,5,5,6,0,4,-270,48,0.089200,8,7,0,0,48,0,0,1.000000
70,endgame,killers,8,5,5,8,0,7,273,64,0.188700,8,7,0,0,64,0,0,1.000000
71,endgame,killers,8,5,5,6,0,10,-272,48,0.171700,8,7,0,0,48,0,0,1.000000
72,endgame,killers,8,5,5,10,0,13,250,36709,68.214500,34446,2576,136,136,2492,10267,6987,1.267210
73,endgame,killers,8,4,4,4,0,0,-294,32,0.061200,8,7,0,0,32,0,0,1.000000
74,endgame,killers,8,4,4,12,0,3,297,96,0.198900,8,7,0,0,96,0,0,1.000000
75,endgame,killers,8,4,4,1,1,6,-299,8,0.029600,8,7,0,0,8,0,0,1.000000
76,endgame,killers,8,2,2,4,0,0,0,32,0.085900,8,7,0,0,32,0,0,1.000000
77,endgame,killers,8,2,2,2,0,3,0,285,0.683900,268,80,0,0,18,101,97,0.971930
78,captures,killers,8,23,0,1,1,0,-62,413,0.889900,289,61,22,6,0,60,46,1.082324
79,captures,killers,8,20,0,1,1,0,16,10531,19.968000,7536,682,45,39,0,2068,1708,1.170164
80,captures,killers,8,17,0,2,1,0,34,8669,16.390900,6502,826,42,42,0,1459,1221,1.198062
81,captures,killers,8,11,0,1,1,0,47,2738,4.019800,2350,520,54,54,21,784,726,1.169102
82,captures,killers,8,9,0,1,1,0,-30,2314,3.431300,1936,569,120,83,162,662,629,1.044512
83,kings,killers,8,6,1,5,0,0,-22,4057,8.961300,3294,603,204,124,784,1075,770,1.359132
84,kings,killers,8,6,2,6,0,2,-20,4628,6.849600,3521,547,2,2,1122,1262,966,2.045592
85,kings,killers,8,6,2,7,0,5,0,9821,16.765700,7882,1436,559,351,1969,2533,1799,1.630282
86,captures,killers,8,6,2,1,1,8,0,8,0.061900,8,7,0,0,8,0,0,1.000000
87,opening,killers,8,22,0,10,0,1,-9,10511,19.135400,7335,1052,29,26,0,2417,2210,1.568357
88,kings,killers,8,17,1,8,0,2,-228,12483,24.717700,9050,1194,61,60,0,2968,2579,1.085076
89,kings,killers,8,15,1,8,0,2,-250,13236,24.864400,10027,1622,157,157,0,2747,2449,0.939030
90,kings,killers,8,11,1,4,0,2,-250,7535,12.900000,6564,1003,19,19,22,1393,1311,0.971997
91,kings,killers,8,11,1,11,0,5,250,19412,37.797600,17790,2935,259,259,75,6550,6509,0.738821
92,kings,killers,8,10,1,4,0,1,-250,1663,2.002900,1497,251,16,16,20,430,334,1.105232
93,kings,killers,8,8,2,4,0,2,-250,15013,30.112000,13911,1991,554,524,425,2563,2407,0.979951
94,opening,killers,8,21,0,8,0,2,-116,48076,84.519200,32479,3282,307,301,0,8796,7100,1.139279
95,opening,killers,8,21,0,11,0,5,111,48682,105.886700,32736,3983,418,410,0,9379,8317,1.437246
96,opening,killers,8,21,0,11,0,8,-164,20513,36.522500,15246,2104,236,236,0,4918,4277,0.931946
97,opening,killers,8,20,0,8,0,1,223,20235,39.061700,13642,2088,202,199,0,4555,4013,1.031381
98,opening,killers,8,20,0,5,0,4,-179,7614,15.093200,5299,1089,78,73,0,1634,1479,0.950617
99,opening,killers,8,24,0,8,0,6,29,6790,8.838000,3433,655,2,2,0,1081,960,1.147275
100,opening,killers,8,22,0,7,0,0,29,15477,29.948600,10300,1844,182,181,0,3456,3093,1.493054
1,captures,history,8,21,0,1,1,0,-75,7353,13.248500,4840,852,224,141,0,1194,970,1.072079
2,captures,history,8,20,0,1,1,2,78,3668,5.514700,2570,340,25,12,0,605,473,1.060523
3,middle,history,8,18,0,10,0,1,-71,67308,119.974200,50455,6017,1444,1433,0,16522,14258,1.781126
4,middle,history,8,18,0,7,0,4,37,20550,49.885100,14997,1955,125,125,0,4379,3889,1.398345
5,middle,history,8,18,0,11,0,7,7,27200,275.842900,18853,3080,378,378,0,6717,6235,0.971103
6,middle,history,8,18,0,9,0,10,30,14927,44.187100,10434,1873,151,150,0,3993,3825,1.152877
7,captures,history,8,18,0,1,1,13,106,572,0.612100,361,67,1,1,0,71,56,1.041958
8,middle,history,8,15,0,5,0,0,-129,4512,9.460500,3422,670,175,112,0,928,845,1.029477
9,middle,history,8,13,0,9,0,0,65,22094,45.382400,18261,3317,752,618,0,6459,6053,0.984928
10,middle,history,8,12,0,8,0,1,18,25323,41.426800,20954,3174,772,683,15,7103,6551,1.108518
11,middle,history,8,12,0,7,0,4,-144,11477,14.967900,9694,2241,535,424,12,3204,3039,0.877843
12,middle,history,8,12,0,9,0,7,108,7560,17.354500,6572,1921,425,337,0,2442,2358,1.114153
13,middle,history,8,11,0,5,0,0,-182,7115,14.150800,6195,1328,362,264,1,1853,1657,1.019817
14,middle,history,8,11,0,7,0,3,211,7799,15.671400,6699,1081,168,167,0,2268,2048,1.304142
15,middle,history,8,9,0,4,0,0,-250,1870,3.809900,1701,406,34,34,10,525,525,1.283957
16,middle,history,8,8,0,9,0,1,295,3612,7.258100,3377,1397,240,240,0,1243,1243,1.457641
17,middle,history,8,7,0,1,0,0,-298,16,0.087600,23,13,0,0,0,0,0,1.000000
18,opening,history,8,23,0,7,0,2,-42,8759,14.607900,6160,962,43,34,0,1948,1762,0.902500
19,opening,history,8,22,0,8,0,1,193,24058,45.628300,18034,2684,327,325,0,5999,5654,1.174204
20,opening,history,8,22,0,8,0,4,-212,18163,31.049600,11835,1888,150,149,0,3704,3284,1.115565
21,opening,history,8,22,0,8,0,7,190,20931,39.520600,13991,2257,296,287,0,4725,4325,1.285844
22,opening,history,8,22,0,9,0,10,-228,11056,15.810200,7648,1586,97,93,0,2650,2483,1.177370
23,opening,history,8,22,0,7,0,13,186,8619,14.409000,6137,1456,91,91,0,2379,2306,0.940016
24,opening,history,8,22,0,6,0,16,-176,2139,3.141800,1633,497,21,21,0,648,640,1.328191
25,captures,history,8,22,0,1,1,19,250,591,1.550200,466,177,5,5,0,174,173,1.000000
26,kings,history,8,19,1,3,0,0,-250,923,1.263000,773,237,0,0,0,277,272,1.033586
27,kings,history,8,17,1,8,0,0,250,8477,15.545400,6900,2352,437,429,0,2591,2580,0.862923
28,kings,history,8,15,2,5,0,0,-250,1597,3.875700,1431,411,36,33,0,473,467,1.108328
29,captures,history,8,14,2,1,1,1,295,2835,6.299600,2414,504,43,43,0,893,891,1.031746
30,kings,history,8,13,2,1,0,2,-298,36,0.046000,41,22,0,0,0,6,6,1.000000
31,captures,history,8,21,0,2,1,0,14,24309,35.126300,16883,1807,329,244,0,4100,3157,1.622444
32,opening,history,8,20,0,7,0,2,-64,29318,44.528400,20369,1853,387,367,0,5923,4974,1.401289
33,opening,history,8,20,0,7,0,5,100,19260,34.848000,12927,1887,218,206,0,4420,3863,0.937279
34,opening,history,8,20,0,6,0,8,-69,18630,27.108800,13556,2405,383,352,0,4371,4002,0.991465
35,captures,history,8,20,0,1,1,11,225,15508,29.179700,11197,1127,120,111,0,3230,2552,1.049394
36,captures,history,8,18,1,1,1,2,-230,16310,31.523000,11570,1047,89,85,0,2508,2061,1.030840
37,kings,history,8,17,1,8,0,2,228,33759,65.183500,25319,3089,532,508,0,8187,7303,0.783584
38,kings,history,8,17,1,8,0,5,-228,14922,19.688400,11429,1539,182,180,0,3625,3193,1.158290
39,middle,history,8,15,0,7,0,0,228,7001,10.430300,5724,1153,83,83,0,2102,1981,1.173689
40,middle,history,8,13,0,3,0,0,-250,2705,5.852800,2171,502,29,29,0,569,567,0.991128
41,captures,history,8,12,0,1,1,0,250,1851,2.583900,1634,283,29,29,1,583,571,0.932469
42,middle,history,8,9,0,4,0,1,-292,4024,7.736700,3420,764,74,72,112,969,916,1.021372
43,captures,history,8,8,0,1,1,1,297,55,0.076500,55,31,0,0,11,5,5,1.000000
44,opening,history,8,22,0,10,0,0,-37,15869,23.568300,10360,1388,67,67,0,2912,2470,1.356544
45,opening,history,8,20,0,8,0,0,23,41285,66.631800,24848,1881,267,254,0,5879,4928,1.143030
46,captures,history,8,19,0,2,1,0,-195,9450,19.359400,6587,451,22,22,0,1730,1296,0.712910
47,middle,history,8,17,0,8,0,1,184,35261,62.790800,25685,2297,214,204,0,7235,5848,1.067724
48,middle,history,8,17,0,7,0,4,-184,36820,63.936900,26398,2743,410,401,0,7225,5884,1.270777
49,middle,history,8,17,0,9,0,7,200,14786,26.479400,9967,1232,51,49,0,3169,2737,1.172596
50,captures,history,8,15,0,1,1,0,-172,5025,10.252000,3857,487,46,33,0,1024,824,1.247761
51,captures,history,8,13,0,1,1,7,228,4999,9.645900,4023,588,57,56,0,1409,1306,1.048410
52,kings,history,8,8,1,6,0,0,250,5659,10.772100,5041,1132,79,74,58,1762,1696,0.941509
53,captures,history,8,8,2,1,1,1,-299,946,1.713000,800,136,0,0,153,164,143,1.045455
54,kings,history,8,6,2,7,0,1,299,6305,10.454800,4873,1120,2,2,1444,1968,1953,0.998097
55,kings,history,8,6,2,3,0,4,-299,3172,6.581000,2636,607,0,0,534,752,731,1.011034
56,kings,history,8,6,2,3,0,7,299,1435,3.183700,1186,276,0,0,261,455,446,0.997909
57,kings,history,8,6,2,4,0,10,-299,428,0.671900,394,116,0,0,42,101,100,1.000000
58,endgame,history,8,5,2,2,0,0,292,16,0.071100,8,7,0,0,16,0,0,1.000000
59,endgame,history,8,5,2,6,0,3,-293,48,0.115900,8,7,0,0,48,0,0,1.000000
60,endgame,history,8,5,2,7,0,6,296,56,0.115700,8,7,0,0,56,0,0,1.000000
61,endgame,history,8,5,2,6,0,9,-299,48,0.140700,8,7,0,0,48,0,0,1.000000
62,endgame,history,8,5,4,6,0,1,288,48,0.050400,8,7,0,0,48,0,0,1.000000
63,endgame,history,8,5,4,6,0,4,-291,48,0.101400,8,7,0,0,48,0,0,1.000000
64,endgame,history,8,5,4,4,0,7,294,32,0.041700,8,7,0,0,32,0,0,1.000000
65,endgame,history,8,5,4,3,0,10,-295,24,0.321200,8,7,0,0,24,0,0,1.000000
66,endgame,history,8,5,4,3,0,13,298,24,0.066300,8,7,0,0,24,0,0,1.000000
67,endgame,history,8,5,4,6,0,16,-299,48,0.223000,8,7,0,0,48,0,0,1.000000
68,endgame,history,8,5,5,5,0,1,267,40,0.056900,8,7,0,0,40,0,0,1.000000
69,endgame,history,8,5,5,6,0,4,-270,48,0.313300,8,7,0,0,48,0,0,1.000000
70,endgame,history,8,5,5,8,0,7,273,64,0.097900,8,7,0,0,64,0,0,1.000000
71,endgame,history,8,5,5,6,0,10,-272,48,0.142100,8,7,0,0,48,0,0,1.000000
72,endgame,history,8,5,5,10,0,13,250,31219,60.486000,28557,2511,154,154,2936,9040,7147,1.490054
73,endgame,history,8,4,4,4,0,0,-294,32,0.176300,8,7,0,0,32,0,0,1.000000
74,endgame,history,8,4,4,12,0,3,297,96,0.205100,8,7,0,0,96,0,0,1.000000
75,endgame,history,8,4,4,1,1,6,-299,8,0.028400,8,7,0,0,8,0,0,1.000000
76,endgame,history,8,2,2,4,0,0,0,32,0.097000,8,7,0,0,32,0,0,1.000000
77,endgame,history,8,2,2,2,0,3,0,285,0.342200,268,80,0,0,18,101,97,0.971930
78,captures,history,8,23,0,1,1,0,-62,410,0.444200,288,61,22,6,0,60,46,1.090244
79,captures,history,8,20,0,1,1,0,16,8924,20.782000,6451,559,33,27,0,1850,1545,1.380883
80,captures,history,8,17,0,2,1,0,34,9017,12.613000,6770,790,42,42,0,1504,1214,1.151824
81,captures,history,8,11,0,1,1,0,47,2707,4.108400,2333,515,54,54,17,788,723,1.182490
82,captures,history,8,9,0,1,1,0,-30,2323,2.386700,1946,567,118,81,159,669,641,1.040465
83,kings,history,8,6,1,5,0,0,-22,3252,4.964700,2636,525,142,88,637,889,689,1.695572
84,kings,history,8,6,2,6,0,2,-20,3963,8.505500,3016,491,1,1,961,1135,899,2.388847
85,kings,history,8,6,2,7,0,5,0,5519,12.191100,4366,1049,378,245,1173,1578,1251,2.901069
86,captures,history,8,6,2,1,1,8,0,8,0.026600,8,7,0,0,8,0,0,1.000000
87,opening,history,8,22,0,10,0,1,-9,9933,14.208200,6809,1013,34,32,0,2241,2038,1.659619
88,kings,history,8,17,1,8,0,2,-228,11727,13.985800,8468,1159,50,50,0,2727,2386,1.155027
89,kings,history,8,15,1,8,0,2,-250,10818,23.181200,8506,1530,145,144,0,2555,2242,1.148918
90,kings,history,8,11,1,4,0,2,-250,6462,10.234800,5696,906,2,1,17,1243,1157,1.133395
91,kings,history,8,11,1,11,0,5,250,20938,38.307700,19310,2883,188,188,42,6992,6957,0.684975
92,kings,history,8,10,1,4,0,1,-250,1848,3.330800,1636,248,17,16,13,456,337,0.994589
93,kings,history,8,8,2,4,0,2,-250,18068,39.208000,16383,2002,562,533,627,2898,2573,0.814257
94,opening,history,8,21,0,8,0,2,-116,40508,75.276600,27123,2915,250,244,0,7483,6193,1.352128
95,opening,history,8,21,0,11,0,5,111,34264,68.670400,23601,3486,313,311,0,6925,6217,2.042027
96,opening,history,8,21,0,11,0,8,-164,20452,32.206900,15109,2116,267,264,0,4782,4190,0.934725
97,opening,history,8,20,0,8,0,1,223,19758,39.350600,14090,2123,251,246,0,4705,4189,1.056281
98,opening,history,8,20,0,5,0,4,-179,7549,17.694900,5278,1095,77,72,0,1651,1495,0.958802
99,opening,history,8,24,0,8,0,6,29,8332,8.823100,4145,742,8,8,0,1343,1226,0.934950
100,opening,history,8,22,0,7,0,0,29,16037,32.454100,10702,2018,216,215,0,3612,3242,1.440918
